{"max_speed_kmh": 400.0, "spatial_radius_km": 0.3, "bin_len": 1440.0, "tdf.shape[0]": 23563.0, "f_tdf.shape[0]": 22726.0, "fc_tdf.shape[0]": 6629.0, "fcu_tdf.shape[0]": 6594.0, "curr_ocp": 0.9333333333333333, "target_ocp": 0.3, "new_ocp": 0.3, "n_train": 1471.0, "n_test": 3833.0, "n_dims": 13.0, "mean_lat": 47.543642613631114, "mean_long": -122.22069968708557, "std_lat": 0.06731883569304328, "std_long": 0.0756441822388532, "init_lengthscale": 24.489115646258504, "init_period_len_1": 1440.0, "init_period_len_2": 10080.0, "log_ll": -2041.7351653616338, "m": 23.0, "bic": 4251.225378297101, "gp_runtime": 18.16579008102417, "ses_smoothing_level": 0.9999999850975407, "holt_smoothing_level_lat": 0.9999999850988388, "holt_smoothing_slope_lat": 0.33859646125663834, "holt_smoothing_level_lon": 0.9999999850988388, "holt_smoothing_slope_lon": 0.2947393532846939, "holt_damping_slope_lat": 0.8, "holt_damping_slope_lon": 0.8000000000000556, "es_seasonal_periods": 24.0, "es_smoothing_level_lat": 0.9999999850988384, "es_smoothing_slope_lat": 0.3372604175698317, "es_smoothing_level_lon": 0.9999999850988388, "es_smoothing_slope_lon": 0.29350049249025395, "es_damping_slope_lat": 0.8, "es_damping_slope_lon": 0.8000000000001417, "arima_order": [2, 0, 2], "sarimax_order": null, "sarimax_seasonal_order": null}