{"max_speed_kmh": 400.0, "spatial_radius_km": 0.3, "bin_len": 30.0, "tdf.shape[0]": 6171.0, "f_tdf.shape[0]": 6052.0, "fc_tdf.shape[0]": 2004.0, "fcu_tdf.shape[0]": 2001.0, "curr_ocp": 0.07902097902097902, "target_ocp": 0.06031975458150108, "new_ocp": 0.06013986013986014, "n_train": 1278.0, "n_test": 385.0, "n_dims": 13.0, "mean_lat": 47.82100160482039, "mean_long": -122.22232618991198, "std_lat": 0.11323414154852571, "std_long": 0.06517847327492872, "init_lengthscale": 33.58692247454972, "init_period_len_1": 1440.0, "init_period_len_2": 10080.0, "log_ll": -1668.5778216181907, "m": 23.0, "bic": 3501.6758308399435, "gp_runtime": 23.839022397994995, "ses_smoothing_level": 0.9999999850987553, "holt_smoothing_level_lat": 0.9999999850988388, "holt_smoothing_slope_lat": 0.27069242176755, "holt_smoothing_level_lon": 0.9999999850988388, "holt_smoothing_slope_lon": 0.12119926906908796, "holt_damping_slope_lat": 0.8552013960533352, "holt_damping_slope_lon": 0.8000000000000007, "es_seasonal_periods": 24.0, "es_smoothing_level_lat": 0.9530123216264619, "es_smoothing_slope_lat": 0.3440689588226645, "es_smoothing_level_lon": 0.9999999850988388, "es_smoothing_slope_lon": 0.12534913027741143, "es_damping_slope_lat": 0.8279867588937311, "es_damping_slope_lon": 0.8000000000000342, "arima_order": [2, 0, 1], "sarimax_order": null, "sarimax_seasonal_order": null}