model,MAE,RMSE,MAD,MAPE,MAXAPE,TAPE,PCM,DF,AREA,CL,DTW,MSE
MTGP_Comp,0.24818682745349174,1.3070454190192335,0.2771566973644877,5.8052284063218025,706.5573149366925,2235.012936433894,32.31677835787114,5.2658104877202,34613.61592844557,35.994651041557006,191.10385713918873,0.427091931844791
MTGP_RBF,0.34925463344590846,1.5312275177213124,0.7822730874478274,418.17082056480757,3130.1203324107787,160995.76591745092,,5.42500333754958,51562.10716010155,,268.92606775334946,0.5861644277567429
SES,0.30698563901733983,1.7090954327012204,0.32897667244012596,1.610075863923078,16.672347308535944,619.879207610385,,5.989949196616086,26307.545637559375,20.62449769394482,236.37894204335186,0.7302517995200429
Holt,0.33576770940058176,1.7609257716217699,0.43082706463231607,1.4809207285176096,13.845100490908338,570.1544804792796,,6.0787494929038886,31182.011546351117,19.28213671987466,258.5411362384476,0.7752148932904315
ES,0.33372612392235423,1.7513782430910523,0.4128519020673764,1.4859059270855723,13.597476265460356,572.0737819279453,1002.0568773756779,6.101478014306757,31057.066538565672,21.38598297394252,256.96911542021274,0.7668314375931753
ARIMA,0.34361065208519437,1.5299270172703532,0.751829803625043,42.27076011910253,331.96617973474025,16274.242645854478,,5.447607393755176,49951.935350475396,66.11835595256017,264.5802021055995,0.5851691695434398
SARIMAX,0.34958558072482077,1.5312944031394433,0.782045110937316,inf,inf,inf,,5.424321209464688,51620.00906362984,inf,269.18089715811175,0.5862156372715459
