{"max_speed_kmh": 200.0, "spatial_radius_km": 0.3, "tdf.shape[0]": 11408.0, "f_tdf.shape[0]": 11149.0, "fc_tdf.shape[0]": 5018.0, "fcu_tdf.shape[0]": 5016.0, "n_train_orig": 363.0, "n_test_orig": 152.0, "n_dims_orig": 13.0, "n_train_PM": 2594.0, "n_test_PM": 1112.0, "n_dims_PM": 13.0, "n_train_PM_comp": 439.0, "n_test_PM_comp": 76.0, "n_dims_PM_comp": 13.0, "mean_lat": 47.45063429940984, "mean_long": -122.22294504991812, "std_lat": 0.10713087624621682, "std_long": 0.056406156324801844, "init_lengthscale": 90.39954337899543, "init_period_len_1": 1440.0, "init_period_len_2": 10080.0, "log_ll": 260.40907572348266, "m": 47.0, "bic": -234.84667903243223, "bics_PM": [