model,MAE,RMSE,MAD,MAPE,MAXAPE,TAPE,PCM,DF,AREA,CL,DTW,MSE
MTGP_Comp,0.17013934519511348,0.6000189486861702,0.4289737465597978,1.6914447697729407,24.653960803226415,123.47546819342466,4.17166203690368,0.915980752080192,24330.883269516788,,24.840344398486575,0.09000568469561425
MTGP_RBF,0.6226386990684867,2.2987528188775173,1.2732072494108082,375.5724352885014,1123.8514536165753,27416.787776060602,,3.626151564021526,84400.52775564327,,90.90525006399908,1.3210661305743328
SES,0.7485124119078419,2.891238901692801,1.7975330183435556,3.0218360480296274,8.686256232252912,220.59403150616282,,4.393819302604285,96154.12666129618,,109.28281213854495,2.089815596665449
Holt,1.1282413452439335,3.9098851255884806,2.9926844391053207,1.9063492049824904,4.596382005435702,139.1634919637218,,5.315890734282741,157447.11522082478,,164.72323640561433,3.821800423824513
ES,1.1373872691459028,3.9310077844621376,3.0013738529016707,1.8908697317324052,4.504845009790826,138.03349041646558,1104.475749171503,5.355401312702081,158725.9300347867,,166.05854129530178,3.8632055503754814
ARIMA,0.6229658782794592,2.300623893615398,1.2788628468509913,202.47386893679695,601.8853354837564,14780.592432386178,1.694293738173407e+17,3.6301524170716073,84401.04438562365,,90.95301822880101,1.3232175749685184
SARIMAX,0.6222663188430857,2.2965805568901043,1.2726566263881296,inf,inf,inf,,3.6214089492774617,84401.5330599887,inf,90.85088255109049,1.3185705635714156
