{"max_speed_kmh": 200.0, "spatial_radius_km": 0.3, "tdf.shape[0]": 13929.0, "f_tdf.shape[0]": 13685.0, "fc_tdf.shape[0]": 2356.0, "fcu_tdf.shape[0]": 2346.0, "n_train_orig": 503.0, "n_test_orig": 38.0, "n_dims_orig": 13.0, "n_train_PM": 919.0, "n_test_PM": 395.0, "n_dims_PM": 13.0, "n_train_PM_comp": 522.0, "n_test_PM_comp": 19.0, "n_dims_PM_comp": 13.0, "mean_lat": 47.447127239604285, "mean_long": -122.2423831272719, "std_lat": 0.1009993133769191, "std_long": 0.05295892376166184, "init_lengthscale": 46.49616122840691, "init_period_len_1": 1440.0, "init_period_len_2": 10080.0, "log_ll": 180.03182350200268, "m": 47.0, "bic": -65.95327037352132, "bics_PM": [