{"max_speed_kmh": 200.0, "spatial_radius_km": 0.3, "bin_len": 10080.0, "tdf.shape[0]": 19685.0, "f_tdf.shape[0]": 19597.0, "fc_tdf.shape[0]": 5631.0, "fcu_tdf.shape[0]": 5370.0, "curr_ocp": 1.0, "target_ocp": 0.9, "new_ocp": 0.8888888888888888, "n_train": 3900.0, "n_test": 499.0, "n_dims": 13.0, "mean_lat": 47.23160505953055, "mean_long": -122.44324793487564, "std_lat": 0.08268720336908374, "std_long": 0.0846666823006184, "init_lengthscale": 10.970889971787638, "init_period_len_1": 1440.0, "init_period_len_2": 10080.0, "log_ll": -4597.491615003304, "m": 23.0, "bic": 9385.164062145315, "gp_runtime": 790.6530513763428, "ses_smoothing_level": 0.9999999850963759, "holt_smoothing_level_lat": 0.9999999850988381, "holt_smoothing_slope_lat": 0.5228224628715722, "holt_smoothing_level_lon": 0.9999999850988388, "holt_smoothing_slope_lon": 0.5925284193349333, "holt_damping_slope_lat": 0.8559478308537827, "holt_damping_slope_lon": 0.8000000000000002, "es_seasonal_periods": 24.0, "es_smoothing_level_lat": 0.9999999850988388, "es_smoothing_slope_lat": 0.5229649803364571, "es_smoothing_level_lon": 0.9999999850988388, "es_smoothing_slope_lon": 0.5933952864565634, "es_damping_slope_lat": 0.856493639876328, "es_damping_slope_lon": 0.8, "arima_order": [2, 0, 2], "sarimax_order": null, "sarimax_seasonal_order": null}