{"max_speed_kmh": 200.0, "spatial_radius_km": 0.3, "tdf.shape[0]": 13629.0, "f_tdf.shape[0]": 13490.0, "fc_tdf.shape[0]": 3175.0, "fcu_tdf.shape[0]": 3154.0, "n_train_orig": 1072.0, "n_test_orig": 188.0, "n_dims_orig": 13.0, "n_train_PM": 1029.0, "n_test_PM": 441.0, "n_dims_PM": 13.0, "n_train_PM_comp": 1166.0, "n_test_PM_comp": 94.0, "n_dims_PM_comp": 13.0, "mean_lat": 47.465143474283614, "mean_long": -122.30898026442364, "std_lat": 0.1674025832876678, "std_long": 0.1137577658055727, "init_lengthscale": 36.37510729613734, "init_period_len_1": 1440.0, "init_period_len_2": 10080.0, "log_ll": 278.43138652808125, "m": 47.0, "bic": -224.98005781137192, "bics_PM": [