{"max_speed_kmh": 400.0, "spatial_radius_km": 0.3, "bin_len": 30.0, "tdf.shape[0]": 16625.0, "f_tdf.shape[0]": 16070.0, "fc_tdf.shape[0]": 2992.0, "fcu_tdf.shape[0]": 2958.0, "curr_ocp": 0.12222222222222222, "target_ocp": 0.1, "new_ocp": 0.1, "n_train": 2033.0, "n_test": 443.0, "n_dims": 13.0, "mean_lat": 47.4620927049417, "mean_long": -122.322098762397, "std_lat": 0.13768320501934314, "std_long": 0.24353277501051032, "init_lengthscale": 21.257135826771652, "init_period_len_1": 1440.0, "init_period_len_2": 10080.0, "log_ll": -2487.277801968186, "m": 23.0, "bic": 5149.7527636498235, "gp_runtime": 81.86092519760132, "ses_smoothing_level": 0.9999999850986381, "holt_smoothing_level_lat": 0.9930141554664688, "holt_smoothing_slope_lat": 0.18525467837740867, "holt_smoothing_level_lon": 0.9999999850988379, "holt_smoothing_slope_lon": 0.16006756872111697, "holt_damping_slope_lat": 0.8051920827085434, "holt_damping_slope_lon": 0.8780327651683221, "es_seasonal_periods": 24.0, "es_smoothing_level_lat": 0.9921062132502626, "es_smoothing_slope_lat": 0.18729923384614833, "es_smoothing_level_lon": 0.9999999850988386, "es_smoothing_slope_lon": 0.15540199580532366, "es_damping_slope_lat": 0.805594227857793, "es_damping_slope_lon": 0.8848667171685437, "arima_order": [2, 0, 1], "sarimax_order": null, "sarimax_seasonal_order": null}