{"max_speed_kmh": 400.0, "spatial_radius_km": 0.3, "bin_len": 1440.0, "tdf.shape[0]": 20038.0, "f_tdf.shape[0]": 19794.0, "fc_tdf.shape[0]": 5034.0, "fcu_tdf.shape[0]": 5009.0, "curr_ocp": 0.95, "target_ocp": 0.5, "new_ocp": 0.4915254237288136, "n_train": 1907.0, "n_test": 2038.0, "n_dims": 13.0, "mean_lat": 47.912483121529135, "mean_long": -122.09569068097478, "std_lat": 0.09847442917695483, "std_long": 0.08988686598745378, "init_lengthscale": 22.104931794333684, "init_period_len_1": 1440.0, "init_period_len_2": 10080.0, "log_ll": -2608.336227816658, "m": 23.0, "bic": 5390.398047562126, "gp_runtime": 51.634641885757446, "ses_smoothing_level": 0.9999999850976649, "holt_smoothing_level_lat": 0.9999999850988387, "holt_smoothing_slope_lat": 0.4735984535691939, "holt_smoothing_level_lon": 0.9999999850988258, "holt_smoothing_slope_lon": 0.32705639018344623, "holt_damping_slope_lat": 0.8284822105349893, "holt_damping_slope_lon": 0.821821655691931, "es_seasonal_periods": 24.0, "es_smoothing_level_lat": 0.9999999850988387, "es_smoothing_slope_lat": 0.4785012029532634, "es_smoothing_level_lon": 0.9999999850988388, "es_smoothing_slope_lon": 0.32847843082550304, "es_damping_slope_lat": 0.8285662878372475, "es_damping_slope_lon": 0.8230655230162216, "arima_order": [2, 0, 2], "sarimax_order": null, "sarimax_seasonal_order": null}