{"max_speed_kmh": 200.0, "spatial_radius_km": 0.3, "tdf.shape[0]": 27819.0, "f_tdf.shape[0]": 27391.0, "fc_tdf.shape[0]": 4555.0, "fcu_tdf.shape[0]": 4416.0, "n_train_orig": 1504.0, "n_test_orig": 90.0, "n_dims_orig": 13.0, "n_train_PM": 1388.0, "n_test_PM": 596.0, "n_dims_PM": 13.0, "n_train_PM_comp": 1549.0, "n_test_PM_comp": 45.0, "n_dims_PM_comp": 13.0, "mean_lat": 47.84340649789683, "mean_long": -122.0423040410638, "std_lat": 0.13031069048237479, "std_long": 0.23154685424500948, "init_lengthscale": 54.89244186046512, "init_period_len_1": 1440.0, "init_period_len_2": 10080.0, "log_ll": 845.3807376433822, "m": 47.0, "bic": -1345.5293277871715, "bics_PM": [