{"max_speed_kmh": 200.0, "spatial_radius_km": 0.3, "tdf.shape[0]": 9142.0, "f_tdf.shape[0]": 8696.0, "fc_tdf.shape[0]": 2353.0, "fcu_tdf.shape[0]": 2334.0, "n_train_orig": 738.0, "n_test_orig": 13.0, "n_dims_orig": 13.0, "n_train_PM": 866.0, "n_test_PM": 372.0, "n_dims_PM": 13.0, "n_train_PM_comp": 744.0, "n_test_PM_comp": 7.0, "n_dims_PM_comp": 13.0, "mean_lat": 47.769425267669355, "mean_long": -122.25473709932585, "std_lat": 0.09397618803869977, "std_long": 0.0585305565440026, "init_lengthscale": 116.25235531628533, "init_period_len_1": 1440.0, "init_period_len_2": 10080.0, "log_ll": 184.42516416549017, "m": 47.0, "bic": -58.08439969382505, "bics_PM": [