{"max_speed_kmh": 400.0, "spatial_radius_km": 0.3, "bin_len": 10080.0, "tdf.shape[0]": 5242.0, "f_tdf.shape[0]": 5134.0, "fc_tdf.shape[0]": 1849.0, "fcu_tdf.shape[0]": 1846.0, "curr_ocp": 1.0, "target_ocp": 0.7, "new_ocp": 0.625, "n_train": 432.0, "n_test": 1041.0, "n_dims": 13.0, "mean_lat": 47.199155415224425, "mean_long": -122.2400042796043, "std_lat": 0.04838635179766283, "std_long": 0.08012849285961264, "init_lengthscale": 83.84570765661253, "init_period_len_1": 1440.0, "init_period_len_2": 10080.0, "log_ll": -612.0132129476603, "m": 23.0, "bic": 1363.6002144249353, "gp_runtime": 1.7908596992492676, "ses_smoothing_level": 0.9999999850988388, "holt_smoothing_level_lat": 0.9999999850988388, "holt_smoothing_slope_lat": 0.5298927695310891, "holt_smoothing_level_lon": 0.9999999850988388, "holt_smoothing_slope_lon": 0.6028553327979079, "holt_damping_slope_lat": 0.8, "holt_damping_slope_lon": 0.8031918870999113, "es_seasonal_periods": 24.0, "es_smoothing_level_lat": 0.999999985098823, "es_smoothing_slope_lat": 0.5403982848818893, "es_smoothing_level_lon": 0.9999999850988388, "es_smoothing_slope_lon": 0.6455711365370876, "es_damping_slope_lat": 0.8, "es_damping_slope_lon": 0.8000000000000028, "arima_order": [2, 0, 2], "sarimax_order": null, "sarimax_seasonal_order": null}