{"max_speed_kmh": 200.0, "spatial_radius_km": 0.3, "bin_len": 60.0, "tdf.shape[0]": 4735.0, "f_tdf.shape[0]": 4490.0, "fc_tdf.shape[0]": 817.0, "fcu_tdf.shape[0]": 810.0, "curr_ocp": 0.09480337078651685, "target_ocp": 0.07079718135906396, "new_ocp": 0.07015032211882606, "n_train": 531.0, "n_test": 168.0, "n_dims": 13.0, "mean_lat": 47.2649100364142, "mean_long": -122.43543821613389, "std_lat": 0.1314698939307503, "std_long": 0.06100452003823421, "init_lengthscale": 79.05566037735849, "init_period_len_1": 1440.0, "init_period_len_2": 10080.0, "log_ll": -635.4825090109996, "m": 23.0, "bic": 1415.2845445105638, "gp_runtime": 4.243959188461304, "ses_smoothing_level": 0.9999999850988364, "holt_smoothing_level_lat": 0.9999999850988388, "holt_smoothing_slope_lat": 0.10041646825059063, "holt_smoothing_level_lon": 0.9714013450071901, "holt_smoothing_slope_lon": 0.10761578020483327, "holt_damping_slope_lat": 0.9319221476093996, "holt_damping_slope_lon": 0.8, "es_seasonal_periods": 24.0, "es_smoothing_level_lat": 0.9999999850988388, "es_smoothing_slope_lat": 0.09996312431340194, "es_smoothing_level_lon": 0.977220892180512, "es_smoothing_slope_lon": 0.11015362384769654, "es_damping_slope_lat": 0.9344161085549318, "es_damping_slope_lon": 0.8, "arima_order": [2, 0, 1], "sarimax_order": [2, 0, 1], "sarimax_seasonal_order": [0, 0, 0, 24]}