{"max_speed_kmh": 200.0, "spatial_radius_km": 0.3, "tdf.shape[0]": 21494.0, "f_tdf.shape[0]": 20709.0, "fc_tdf.shape[0]": 7952.0, "fcu_tdf.shape[0]": 7934.0, "n_train_orig": 3148.0, "n_test_orig": 16.0, "n_dims_orig": 13.0, "n_train_PM": 2306.0, "n_test_PM": 989.0, "n_dims_PM": 13.0, "n_train_PM_comp": 3156.0, "n_test_PM_comp": 8.0, "n_dims_PM_comp": 13.0, "mean_lat": 47.29987849793641, "mean_long": -122.07048628373195, "std_lat": 0.11180585275455546, "std_long": 0.13183498179355652, "init_lengthscale": 27.630903328050714, "init_period_len_1": 1440.0, "init_period_len_2": 10080.0, "log_ll": 603.4738396060729, "m": 47.0, "bic": -828.265827159755, "bics_PM": [