{"max_speed_kmh": 400.0, "spatial_radius_km": 0.3, "bin_len": 1440.0, "tdf.shape[0]": 24016.0, "f_tdf.shape[0]": 23791.0, "fc_tdf.shape[0]": 3872.0, "fcu_tdf.shape[0]": 3871.0, "curr_ocp": 0.9666666666666667, "target_ocp": 0.4, "new_ocp": 0.4, "n_train": 740.0, "n_test": 2120.0, "n_dims": 13.0, "mean_lat": 47.81315974942607, "mean_long": -122.22597918634449, "std_lat": 0.11163325431324451, "std_long": 0.04328389148516434, "init_lengthscale": 47.952638700947226, "init_period_len_1": 1440.0, "init_period_len_2": 10080.0, "log_ll": -1040.6249614180845, "m": 23.0, "bic": 2233.202877118728, "gp_runtime": 1.851435899734497, "ses_smoothing_level": 0.9999999850988388, "holt_smoothing_level_lat": 0.9999999850988388, "holt_smoothing_slope_lat": 0.0, "holt_smoothing_level_lon": 0.9999999850988388, "holt_smoothing_slope_lon": 0.0, "holt_damping_slope_lat": 0.9705822392371023, "holt_damping_slope_lon": 0.9568182641091132, "es_seasonal_periods": 24.0, "es_smoothing_level_lat": 0.9737688855390768, "es_smoothing_slope_lat": 0.09932310912044603, "es_smoothing_level_lon": 0.9999999850988367, "es_smoothing_slope_lon": 0.11626700921790425, "es_damping_slope_lat": 0.8, "es_damping_slope_lon": 0.8, "arima_order": [2, 0, 1], "sarimax_order": null, "sarimax_seasonal_order": null}