{"max_speed_kmh": 200.0, "spatial_radius_km": 0.3, "bin_len": 60.0, "tdf.shape[0]": 7525.0, "f_tdf.shape[0]": 7217.0, "fc_tdf.shape[0]": 1897.0, "fcu_tdf.shape[0]": 1887.0, "curr_ocp": 0.16993006993006993, "target_ocp": 0.1, "new_ocp": 0.1, "n_train": 1013.0, "n_test": 561.0, "n_dims": 13.0, "mean_lat": 47.7901240964676, "mean_long": -122.27135331824176, "std_lat": 0.045037196550169904, "std_long": 0.03505776621776018, "init_lengthscale": 42.36363636363637, "init_period_len_1": 1440.0, "init_period_len_2": 10080.0, "log_ll": -1385.8458736726536, "m": 23.0, "bic": 2930.867191943027, "gp_runtime": 9.85421895980835, "ses_smoothing_level": 0.9999999850987613, "holt_smoothing_level_lat": 0.9999999850943667, "holt_smoothing_slope_lat": 4.026973039892838e-12, "holt_smoothing_level_lon": 0.9999999850984639, "holt_smoothing_slope_lon": 0.0, "holt_damping_slope_lat": 0.9803013263296415, "holt_damping_slope_lon": 0.800000000000506, "es_seasonal_periods": 24.0, "es_smoothing_level_lat": 0.9636391381197352, "es_smoothing_slope_lat": 0.10450279185774707, "es_smoothing_level_lon": 0.9999999850988388, "es_smoothing_slope_lon": 2.2626220757110805e-15, "es_damping_slope_lat": 0.8, "es_damping_slope_lon": 0.8000000000000074, "arima_order": [2, 0, 1], "sarimax_order": [2, 0, 1], "sarimax_seasonal_order": [0, 0, 0, 24]}