{"max_speed_kmh": 400.0, "spatial_radius_km": 0.3, "bin_len": 15.0, "tdf.shape[0]": 9546.0, "f_tdf.shape[0]": 9089.0, "fc_tdf.shape[0]": 3725.0, "fcu_tdf.shape[0]": 3720.0, "curr_ocp": 0.1191809590479524, "target_ocp": 0.1, "new_ocp": 0.09992987377279103, "n_train": 2355.0, "n_test": 750.0, "n_dims": 13.0, "mean_lat": 47.577488177651645, "mean_long": -122.02970662735912, "std_lat": 0.0862696556512481, "std_long": 0.11328482225124298, "init_lengthscale": 18.170135938827528, "init_period_len_1": 1440.0, "init_period_len_2": 10080.0, "log_ll": -3297.9484320429924, "m": 23.0, "bic": 6774.475672234346, "gp_runtime": 65.16842842102051, "ses_smoothing_level": 0.9999999850988388, "holt_smoothing_level_lat": 0.9850096886345175, "holt_smoothing_slope_lat": 0.21389553037201872, "holt_smoothing_level_lon": 0.9999999850988388, "holt_smoothing_slope_lon": 0.21682993439636059, "holt_damping_slope_lat": 0.8000000000000034, "holt_damping_slope_lon": 0.8000000000000014, "es_seasonal_periods": 24.0, "es_smoothing_level_lat": 0.9847846259539083, "es_smoothing_slope_lat": 0.21568766475788861, "es_smoothing_level_lon": 0.9999999850988388, "es_smoothing_slope_lon": 0.21741462127625974, "es_damping_slope_lat": 0.8, "es_damping_slope_lon": 0.8, "arima_order": [2, 0, 2], "sarimax_order": null, "sarimax_seasonal_order": null}