model,MAE,RMSE,MAD,MAPE,MAXAPE,TAPE,PCM,DF,AREA,CL,DTW,MSE
MTGP_Comp,0.08239361533441089,0.4884086790129104,0.1300601741902312,665.2263784689883,798737.0332068293,800267.3332981928,125.01765451689263,4.3160204173550145,34803.17860187108,,198.2390384945927,0.05963575943378402
MTGP_RBF,0.4122699581512635,1.3976572519445456,1.1800180037924644,159.13888333863306,1521.1446042662988,191444.07665637558,,5.18479380982144,102282.42203900471,,991.9215193119397,0.4883614484782948
SES,0.4336622181067251,1.8051970008938605,0.9492840792014885,1.5989496664560994,17.391680913145315,1923.5364487466873,251.23068731349116,5.777142866618583,89854.45168757133,,1043.391296764782,0.8146840530090471
Holt,0.4338325234921164,1.792787187091853,0.9907274827660016,1.728283945929916,19.701748653097045,2079.125586953689,263.566712918877,5.740132673933781,90866.89700699082,,1043.8010515220326,0.8035214745501797
ES,0.4519898204627383,1.8494796543824852,1.0459778939545417,1.653945100058285,17.12937873974606,1989.695955370117,215.6421167803885,5.787105708960457,93532.1707668149,,1087.487508033349,0.8551437479936892
ARIMA,0.41766916428965284,1.4288889074345656,1.153404816913399,222.5721139692198,2392.8035765029904,267754.2531049714,255.7178075067491,5.481519767253289,102513.07613245441,,1004.9120092809036,0.5104308774473867
SARIMAX,0.4115602492432955,1.3970412804458243,1.167101543655366,inf,inf,inf,,5.181550176214846,102052.26166322207,inf,990.2139596793681,0.48793108481742703
