{"max_speed_kmh": 400.0, "spatial_radius_km": 0.3, "bin_len": 360.0, "tdf.shape[0]": 24016.0, "f_tdf.shape[0]": 23791.0, "fc_tdf.shape[0]": 3872.0, "fcu_tdf.shape[0]": 3871.0, "curr_ocp": 0.5294117647058824, "target_ocp": 0.3, "new_ocp": 0.2927927927927928, "n_train": 1428.0, "n_test": 1432.0, "n_dims": 13.0, "mean_lat": 47.84640279150575, "mean_long": -122.22079603039188, "std_lat": 0.12432208747815551, "std_long": 0.04019109133766864, "init_lengthscale": 27.965662228451297, "init_period_len_1": 1440.0, "init_period_len_2": 10080.0, "log_ll": -2011.2307155581263, "m": 23.0, "bic": 4189.534124402942, "gp_runtime": 22.65114140510559, "ses_smoothing_level": 0.9999999850988388, "holt_smoothing_level_lat": 0.9999999850988388, "holt_smoothing_slope_lat": 0.051794576396353764, "holt_smoothing_level_lon": 0.9999999850867733, "holt_smoothing_slope_lon": 3.3732581585690094e-12, "holt_damping_slope_lat": 0.8000000000000071, "holt_damping_slope_lon": 0.9416005762628931, "es_seasonal_periods": 24.0, "es_smoothing_level_lat": 0.9999999850988388, "es_smoothing_slope_lat": 0.05275858875668719, "es_smoothing_level_lon": 0.9999999850915181, "es_smoothing_slope_lon": 1.2157039123040493e-12, "es_damping_slope_lat": 0.8000000000000022, "es_damping_slope_lon": 0.9393784942592499, "arima_order": [2, 0, 1], "sarimax_order": null, "sarimax_seasonal_order": null}