{"max_speed_kmh": 200.0, "spatial_radius_km": 0.3, "bin_len": 10080.0, "tdf.shape[0]": 12255.0, "f_tdf.shape[0]": 11696.0, "fc_tdf.shape[0]": 2005.0, "fcu_tdf.shape[0]": 1992.0, "curr_ocp": 1.0, "target_ocp": 0.8, "new_ocp": 0.75, "n_train": 902.0, "n_test": 454.0, "n_dims": 13.0, "mean_lat": 47.528897192173325, "mean_long": -122.28792798778215, "std_lat": 0.052023514510613156, "std_long": 0.033775746664765766, "init_lengthscale": 44.43007769145394, "init_period_len_1": 1440.0, "init_period_len_2": 10080.0, "log_ll": -1117.4933991664725, "m": 23.0, "bic": 2391.4929322943854, "gp_runtime": 7.658127069473267, "ses_smoothing_level": 0.9999999850988388, "holt_smoothing_level_lat": 0.9999999850987982, "holt_smoothing_slope_lat": 0.5176086354438877, "holt_smoothing_level_lon": 0.9999999850988102, "holt_smoothing_slope_lon": 0.40153328180565506, "holt_damping_slope_lat": 0.8000000000000221, "holt_damping_slope_lon": 0.8000000000000032, "es_seasonal_periods": 24.0, "es_smoothing_level_lat": 0.9999999850988388, "es_smoothing_slope_lat": 0.5191697679710455, "es_smoothing_level_lon": 0.9999999850988388, "es_smoothing_slope_lon": 0.4019010152379199, "es_damping_slope_lat": 0.8000000000004136, "es_damping_slope_lon": 0.8000000000021978, "arima_order": [2, 0, 2], "sarimax_order": null, "sarimax_seasonal_order": null}