{"max_speed_kmh": 200.0, "spatial_radius_km": 0.3, "bin_len": 60.0, "tdf.shape[0]": 12255.0, "f_tdf.shape[0]": 11696.0, "fc_tdf.shape[0]": 2005.0, "fcu_tdf.shape[0]": 1992.0, "curr_ocp": 0.10761705101327743, "target_ocp": 0.1, "new_ocp": 0.09993011879804332, "n_train": 1274.0, "n_test": 82.0, "n_dims": 13.0, "mean_lat": 47.52361181574512, "mean_long": -122.29029894719818, "std_lat": 0.05954826229944833, "std_long": 0.032143626902075784, "init_lengthscale": 33.71170463472113, "init_period_len_1": 1440.0, "init_period_len_2": 10080.0, "log_ll": -1666.2915775160739, "m": 23.0, "bic": 3497.0312422631864, "gp_runtime": 30.954869031906128, "ses_smoothing_level": 0.9999999850988388, "holt_smoothing_level_lat": 0.9999999850988388, "holt_smoothing_slope_lat": 0.38131602335331444, "holt_smoothing_level_lon": 0.9999999846636137, "holt_smoothing_slope_lon": 3.086574318981902e-10, "holt_damping_slope_lat": 0.8, "holt_damping_slope_lon": 0.9588231687602542, "es_seasonal_periods": 24.0, "es_smoothing_level_lat": 0.9999999850988388, "es_smoothing_slope_lat": 0.3772773371028553, "es_smoothing_level_lon": 0.9999999850988388, "es_smoothing_slope_lon": 0.0, "es_damping_slope_lat": 0.800000000000995, "es_damping_slope_lon": 0.9606398941518313, "arima_order": [2, 0, 1], "sarimax_order": [2, 0, 1], "sarimax_seasonal_order": [0, 0, 1, 24]}