{"max_speed_kmh": 400.0, "spatial_radius_km": 0.3, "bin_len": 15.0, "tdf.shape[0]": 17384.0, "f_tdf.shape[0]": 16676.0, "fc_tdf.shape[0]": 7246.0, "fcu_tdf.shape[0]": 7217.0, "curr_ocp": 0.16078637879585747, "target_ocp": 0.1, "new_ocp": 0.09987712831314727, "n_train": 3670.0, "n_test": 2120.0, "n_dims": 13.0, "mean_lat": 48.05397280611542, "mean_long": -122.16262496484083, "std_lat": 0.09515632946840774, "std_long": 0.042351211987368007, "init_lengthscale": 11.643908421913327, "init_period_len_1": 1440.0, "init_period_len_2": 10080.0, "log_ll": -5123.775442332985, "m": 23.0, "bic": 10436.333664310088, "gp_runtime": 793.9400954246521, "ses_smoothing_level": 0.9999999850988388, "holt_smoothing_level_lat": 0.9994310621159744, "holt_smoothing_slope_lat": 0.11469302517790528, "holt_smoothing_level_lon": 0.9999999850988388, "holt_smoothing_slope_lon": 1.8421131012607806e-11, "holt_damping_slope_lat": 0.8, "holt_damping_slope_lon": 0.8, "es_seasonal_periods": 24.0, "es_smoothing_level_lat": 0.9999999850988107, "es_smoothing_slope_lat": 0.11350927844015381, "es_smoothing_level_lon": 0.9999999850988388, "es_smoothing_slope_lon": 1.3458865160106954e-11, "es_damping_slope_lat": 0.8000000000000342, "es_damping_slope_lon": 0.8, "arima_order": [2, 0, 1], "sarimax_order": null, "sarimax_seasonal_order": null}