{"max_speed_kmh": 400.0, "spatial_radius_km": 0.3, "bin_len": 30.0, "tdf.shape[0]": 6527.0, "f_tdf.shape[0]": 6187.0, "fc_tdf.shape[0]": 1886.0, "fcu_tdf.shape[0]": 1846.0, "curr_ocp": 0.11446629213483146, "target_ocp": 0.1, "new_ocp": 0.0997191011235955, "n_train": 1364.0, "n_test": 213.0, "n_dims": 13.0, "mean_lat": 47.63699775299295, "mean_long": -122.0721057143052, "std_lat": 0.04464318571702803, "std_long": 0.09823718301860089, "init_lengthscale": 31.341159207630227, "init_period_len_1": 1440.0, "init_period_len_2": 10080.0, "log_ll": -1558.7586549977661, "m": 23.0, "bic": 3283.5353772788108, "gp_runtime": 37.24644064903259, "ses_smoothing_level": 0.9999999850985751, "holt_smoothing_level_lat": 0.9999999850943306, "holt_smoothing_slope_lat": 0.0, "holt_smoothing_level_lon": 0.9999999849041036, "holt_smoothing_slope_lon": 0.11562284929579114, "holt_damping_slope_lat": 0.8078528117152425, "holt_damping_slope_lon": 0.8000000046354847, "es_seasonal_periods": 24.0, "es_smoothing_level_lat": 0.9999999850988388, "es_smoothing_slope_lat": 0.0, "es_smoothing_level_lon": 0.9999999850988329, "es_smoothing_slope_lon": 0.11715175584328688, "es_damping_slope_lat": 0.983709567693712, "es_damping_slope_lon": 0.8000000000000049, "arima_order": [1, 0, 2], "sarimax_order": null, "sarimax_seasonal_order": null}