{"max_speed_kmh": 200.0, "spatial_radius_km": 0.3, "tdf.shape[0]": 5564.0, "f_tdf.shape[0]": 5415.0, "fc_tdf.shape[0]": 1100.0, "fcu_tdf.shape[0]": 1090.0, "n_train_orig": 362.0, "n_test_orig": 3.0, "n_dims_orig": 13.0, "n_train_PM": 405.0, "n_test_PM": 174.0, "n_dims_PM": 13.0, "n_train_PM_comp": 363.0, "n_test_PM_comp": 2.0, "n_dims_PM_comp": 13.0, "mean_lat": 47.638118155112025, "mean_long": -122.21804098763022, "std_lat": 0.1065316469438665, "std_long": 0.2834888522850266, "init_lengthscale": 218.70027624309392, "init_period_len_1": 1440.0, "init_period_len_2": 10080.0, "log_ll": 414.75088740856626, "m": 47.0, "bic": -552.4648416066846, "bics_PM": [