{"max_speed_kmh": 200.0, "spatial_radius_km": 0.3, "bin_len": 10080.0, "tdf.shape[0]": 11408.0, "f_tdf.shape[0]": 11149.0, "fc_tdf.shape[0]": 5018.0, "fcu_tdf.shape[0]": 5016.0, "curr_ocp": 1.0, "target_ocp": 0.9, "new_ocp": 0.8888888888888888, "n_train": 3520.0, "n_test": 549.0, "n_dims": 13.0, "mean_lat": 47.50091960730295, "mean_long": -122.259469107769, "std_lat": 0.10773179866958599, "std_long": 0.056941967677189446, "init_lengthscale": 12.170645069622053, "init_period_len_1": 1440.0, "init_period_len_2": 10080.0, "log_ll": -4493.84445200054, "m": 23.0, "bic": 9175.511878178699, "gp_runtime": 461.4198019504547, "ses_smoothing_level": 0.9999999850614061, "holt_smoothing_level_lat": 0.9999999850988388, "holt_smoothing_slope_lat": 0.6174726753836451, "holt_smoothing_level_lon": 0.9999999850987514, "holt_smoothing_slope_lon": 0.5030681482897793, "holt_damping_slope_lat": 0.8336788287631619, "holt_damping_slope_lon": 0.800000000000011, "es_seasonal_periods": 24.0, "es_smoothing_level_lat": 0.9999999850988388, "es_smoothing_slope_lat": 0.6156149990432418, "es_smoothing_level_lon": 0.9999999850988388, "es_smoothing_slope_lon": 0.5033358399369765, "es_damping_slope_lat": 0.8349753781661107, "es_damping_slope_lon": 0.8000000000000002, "arima_order": [2, 0, 2], "sarimax_order": null, "sarimax_seasonal_order": null}