{"max_speed_kmh": 400.0, "spatial_radius_km": 0.3, "bin_len": 10080.0, "tdf.shape[0]": 4735.0, "f_tdf.shape[0]": 4497.0, "fc_tdf.shape[0]": 820.0, "fcu_tdf.shape[0]": 813.0, "curr_ocp": 1.0, "target_ocp": 0.9, "new_ocp": 0.8888888888888888, "n_train": 606.0, "n_test": 90.0, "n_dims": 13.0, "mean_lat": 47.27482702699083, "mean_long": -122.4332845111893, "std_lat": 0.1500351021609008, "std_long": 0.062068778496431394, "init_lengthscale": 70.58181818181818, "init_period_len_1": 1440.0, "init_period_len_2": 10080.0, "log_ll": -711.1233942593757, "m": 23.0, "bic": 1569.6050281983455, "gp_runtime": 3.8822879791259766, "ses_smoothing_level": 0.9999999850988388, "holt_smoothing_level_lat": 0.9999999850988388, "holt_smoothing_slope_lat": 0.2680208010415664, "holt_smoothing_level_lon": 0.9999999850988387, "holt_smoothing_slope_lon": 0.25938736328482986, "holt_damping_slope_lat": 0.9147174408077731, "holt_damping_slope_lon": 0.8, "es_seasonal_periods": 24.0, "es_smoothing_level_lat": 0.9999999850988388, "es_smoothing_slope_lat": 0.2745231629018637, "es_smoothing_level_lon": 0.9999999850988388, "es_smoothing_slope_lon": 0.25850699392417364, "es_damping_slope_lat": 0.913739044222651, "es_damping_slope_lon": 0.8000000000000003, "arima_order": [2, 0, 2], "sarimax_order": null, "sarimax_seasonal_order": null}