model,MAE,RMSE,MAD,MAPE,MAXAPE,TAPE,PCM,DF,AREA,CL,DTW,MSE
MTGP_Comp,0.11394711497662344,0.4406691807474104,0.3016079540780085,1.7335148445496011,12.217887203329827,156.0163360094641,11.49603105761725,0.8369040458004134,1775.018268114678,,20.51048069579222,0.04854733171514847
MTGP_RBF,0.23311265130685913,0.692958213976115,0.6406665445885628,143.40735486971232,222.02295977366933,12906.661938274108,,0.7564042962478161,4076.218992933036,,41.96027723523464,0.12004777157924176
SES,0.5138142916810544,1.897779999291628,1.8561424150391153,1.5488138348592082,2.351319409244421,139.39324513732873,,1.3037614154423864,9202.414549195937,10.148925444808818,92.48657250258977,0.9003922314278329
Holt,0.617719754555481,2.3278376177064457,2.28825404104497,1.4082684052168313,2.0674799774448775,126.7441564695148,,1.507622975405573,11097.965374188028,7.4732775797707935,111.18955581998661,1.3547069936023053
ES,0.5812564507695515,2.187209864633934,2.1678034887066002,1.42436755260115,2.1011406152734184,128.19307973410352,359.39861802153666,1.425203678508278,10412.107071492028,,104.62616113851927,1.195971747987998
ARIMA,0.24391220319230603,0.7383952998857377,0.6857286564390139,11.026366390785093,18.233363495811687,992.3729751706584,,0.7780034000187099,4275.708315361015,,43.904196574615085,0.13630690472333715
SARIMAX,0.23611616145756573,0.7006538725993473,0.6487816624242648,inf,inf,inf,,0.7624113165492294,4131.699832436902,inf,42.50090906236182,0.12272896229711558
