{"max_speed_kmh": 200.0, "spatial_radius_km": 0.3, "bin_len": 60.0, "tdf.shape[0]": 19685.0, "f_tdf.shape[0]": 19597.0, "fc_tdf.shape[0]": 5631.0, "fcu_tdf.shape[0]": 5370.0, "curr_ocp": 0.34081346423562414, "target_ocp": 0.1, "new_ocp": 0.1, "n_train": 986.0, "n_test": 3413.0, "n_dims": 13.0, "mean_lat": 47.22687489942179, "mean_long": -122.44500358377657, "std_lat": 0.06934108752525744, "std_long": 0.08398029033586808, "init_lengthscale": 42.62081218274112, "init_period_len_1": 1440.0, "init_period_len_2": 10080.0, "log_ll": -1134.5763236907783, "m": 23.0, "bic": 2427.706743537417, "gp_runtime": 17.058669090270996, "ses_smoothing_level": 0.9999999850988375, "holt_smoothing_level_lat": 0.9999999850985671, "holt_smoothing_slope_lat": 0.0, "holt_smoothing_level_lon": 0.9487725676144618, "holt_smoothing_slope_lon": 0.0, "holt_damping_slope_lat": 0.8911316492818254, "holt_damping_slope_lon": 0.8642848614759049, "es_seasonal_periods": 24.0, "es_smoothing_level_lat": 0.9999999849928524, "es_smoothing_slope_lat": 2.850045311993824e-10, "es_smoothing_level_lon": 0.9471494946340284, "es_smoothing_slope_lon": 0.0, "es_damping_slope_lat": 0.9873243362290325, "es_damping_slope_lon": 0.8596229763606116, "arima_order": [2, 0, 1], "sarimax_order": [2, 0, 1], "sarimax_seasonal_order": [0, 0, 0, 24]}