{"max_speed_kmh": 400.0, "spatial_radius_km": 0.3, "bin_len": 30.0, "tdf.shape[0]": 9056.0, "f_tdf.shape[0]": 9047.0, "fc_tdf.shape[0]": 2554.0, "fcu_tdf.shape[0]": 2545.0, "curr_ocp": 0.1190606226105953, "target_ocp": 0.1, "new_ocp": 0.09994538503549973, "n_train": 1675.0, "n_test": 305.0, "n_dims": 13.0, "mean_lat": 48.19109902037984, "mean_long": -122.17594624935295, "std_lat": 0.07502874332750602, "std_long": 0.08559924144470767, "init_lengthscale": 16.402031063321385, "init_period_len_1": 1440.0, "init_period_len_2": 10080.0, "log_ll": -2371.7635842270747, "m": 23.0, "bic": 4914.2692426721105, "gp_runtime": 30.621541738510132, "ses_smoothing_level": 0.9999999850947605, "holt_smoothing_level_lat": 0.9999999850932147, "holt_smoothing_slope_lat": 4.481897483178591e-12, "holt_smoothing_level_lon": 0.9999999850937813, "holt_smoothing_slope_lon": 0.11554321072047084, "holt_damping_slope_lat": 0.9699300146299327, "holt_damping_slope_lon": 0.8, "es_seasonal_periods": 24.0, "es_smoothing_level_lat": 0.9999999850988371, "es_smoothing_slope_lat": 0.13903504667373717, "es_smoothing_level_lon": 0.9999999850988388, "es_smoothing_slope_lon": 0.1158917413741892, "es_damping_slope_lat": 0.8, "es_damping_slope_lon": 0.8000000000028182, "arima_order": [2, 0, 1], "sarimax_order": null, "sarimax_seasonal_order": null}