{"max_speed_kmh": 200.0, "spatial_radius_km": 0.3, "bin_len": 5.0, "tdf.shape[0]": 6527.0, "f_tdf.shape[0]": 6161.0, "fc_tdf.shape[0]": 1879.0, "fcu_tdf.shape[0]": 1839.0, "curr_ocp": 0.042837078651685394, "target_ocp": 0.017292850138409845, "new_ocp": 0.017263576779026218, "n_train": 616.0, "n_test": 961.0, "n_dims": 13.0, "mean_lat": 47.636755114778744, "mean_long": -122.07315175196278, "std_lat": 0.04250926405062074, "std_long": 0.08507493016748387, "init_lengthscale": 69.46016260162601, "init_period_len_1": 1440.0, "init_period_len_2": 10080.0, "log_ll": -749.0682721456284, "m": 23.0, "bic": 1645.8712244525277, "gp_runtime": 4.100849151611328, "ses_smoothing_level": 0.9737824320479427, "holt_smoothing_level_lat": 0.9737617480053179, "holt_smoothing_slope_lat": 1.6963114155370162e-10, "holt_smoothing_level_lon": 0.9999999850913278, "holt_smoothing_slope_lon": 8.83921284707032e-12, "holt_damping_slope_lat": 0.9811908737221303, "holt_damping_slope_lon": 0.8222776683103494, "es_seasonal_periods": 24.0, "es_smoothing_level_lat": 0.969550641343112, "es_smoothing_slope_lat": 2.3590231638908295e-12, "es_smoothing_level_lon": 0.9999999850988388, "es_smoothing_slope_lon": 0.0, "es_damping_slope_lat": 0.9081303330343184, "es_damping_slope_lon": 0.9738751355030678, "arima_order": [1, 0, 0], "sarimax_order": null, "sarimax_seasonal_order": null}