{"max_speed_kmh": 400.0, "spatial_radius_km": 0.3, "bin_len": 1440.0, "tdf.shape[0]": 12202.0, "f_tdf.shape[0]": 11904.0, "fc_tdf.shape[0]": 5190.0, "fcu_tdf.shape[0]": 4729.0, "curr_ocp": 0.8833333333333333, "target_ocp": 0.3, "new_ocp": 0.2916666666666667, "n_train": 827.0, "n_test": 3149.0, "n_dims": 13.0, "mean_lat": 47.56449124050538, "mean_long": -122.07915488305812, "std_lat": 0.09941015822387714, "std_long": 0.2610875810974324, "init_lengthscale": 41.21307506053269, "init_period_len_1": 1440.0, "init_period_len_2": 10080.0, "log_ll": -924.2452607357972, "m": 23.0, "bic": 2003.0000294571391, "gp_runtime": 7.437861442565918, "ses_smoothing_level": 0.9999999850987962, "holt_smoothing_level_lat": 0.9999999850988388, "holt_smoothing_slope_lat": 0.0, "holt_smoothing_level_lon": 0.9999999850988386, "holt_smoothing_slope_lon": 0.3277630310450198, "holt_damping_slope_lat": 0.8458168971728816, "holt_damping_slope_lon": 0.8, "es_seasonal_periods": 24.0, "es_smoothing_level_lat": 0.9999999850988388, "es_smoothing_slope_lat": 0.0, "es_smoothing_level_lon": 0.9999999850988276, "es_smoothing_slope_lon": 0.33337557792943767, "es_damping_slope_lat": 0.833511628126457, "es_damping_slope_lon": 0.8, "arima_order": [1, 0, 2], "sarimax_order": null, "sarimax_seasonal_order": null}