{"max_speed_kmh": 200.0, "spatial_radius_km": 0.3, "bin_len": 60.0, "tdf.shape[0]": 9008.0, "f_tdf.shape[0]": 8592.0, "fc_tdf.shape[0]": 3009.0, "fcu_tdf.shape[0]": 2960.0, "curr_ocp": 0.22711390635918938, "target_ocp": 0.1, "new_ocp": 0.09957325746799431, "n_train": 1132.0, "n_test": 1371.0, "n_dims": 13.0, "mean_lat": 47.816231205590995, "mean_long": -122.24366668333238, "std_lat": 0.11319635725154266, "std_long": 0.15055049302196416, "init_lengthscale": 37.26790450928382, "init_period_len_1": 1440.0, "init_period_len_2": 10080.0, "log_ll": -1500.0238702656502, "m": 23.0, "bic": 3161.7777894828523, "gp_runtime": 12.180088996887207, "ses_smoothing_level": 0.9999999850988388, "holt_smoothing_level_lat": 0.9999999850988388, "holt_smoothing_slope_lat": 6.987207841647294e-13, "holt_smoothing_level_lon": 0.9999999850984518, "holt_smoothing_slope_lon": 0.0, "holt_damping_slope_lat": 0.9621496968426838, "holt_damping_slope_lon": 0.8000000000143658, "es_seasonal_periods": 24.0, "es_smoothing_level_lat": 0.9999999850987425, "es_smoothing_slope_lat": 0.01604174095199267, "es_smoothing_level_lon": 0.9999999850984131, "es_smoothing_slope_lon": 0.0, "es_damping_slope_lat": 0.8, "es_damping_slope_lon": 0.8000000001715768, "arima_order": [2, 0, 1], "sarimax_order": [2, 0, 1], "sarimax_seasonal_order": [0, 0, 0, 24]}