{"max_speed_kmh": 400.0, "spatial_radius_km": 0.3, "bin_len": 360.0, "tdf.shape[0]": 10753.0, "f_tdf.shape[0]": 10720.0, "fc_tdf.shape[0]": 7543.0, "fcu_tdf.shape[0]": 3376.0, "curr_ocp": 0.9833333333333333, "target_ocp": 0.2, "new_ocp": 0.2, "n_train": 552.0, "n_test": 2824.0, "n_dims": 13.0, "mean_lat": 47.900410019353366, "mean_long": -122.22724381974636, "std_lat": 0.023207164421792638, "std_long": 0.011576301227337273, "init_lengthscale": 75.1098003629764, "init_period_len_1": 1440.0, "init_period_len_2": 10080.0, "log_ll": -585.974799555177, "m": 23.0, "bic": 1317.1612041747271, "gp_runtime": 2.686048746109009, "ses_smoothing_level": 0.9999999849580837, "holt_smoothing_level_lat": 0.999999984737945, "holt_smoothing_slope_lat": 4.766301565323715e-10, "holt_smoothing_level_lon": 0.9999999850988388, "holt_smoothing_slope_lon": 0.0, "holt_damping_slope_lat": 0.8000000007347752, "holt_damping_slope_lon": 0.8, "es_seasonal_periods": 24.0, "es_smoothing_level_lat": 0.9999999850933783, "es_smoothing_slope_lat": 8.194566141878885e-12, "es_smoothing_level_lon": 0.9999999850374404, "es_smoothing_slope_lon": 2.875740981389395e-10, "es_damping_slope_lat": 0.8000000177571218, "es_damping_slope_lon": 0.8000000000131845, "arima_order": [0, 0, 2], "sarimax_order": null, "sarimax_seasonal_order": null}