{"max_speed_kmh": 200.0, "spatial_radius_km": 0.3, "tdf.shape[0]": 8995.0, "f_tdf.shape[0]": 8683.0, "fc_tdf.shape[0]": 3236.0, "fcu_tdf.shape[0]": 3061.0, "n_train_orig": 1099.0, "n_test_orig": 31.0, "n_dims_orig": 13.0, "n_train_PM": 949.0, "n_test_PM": 407.0, "n_dims_PM": 13.0, "n_train_PM_comp": 1114.0, "n_test_PM_comp": 16.0, "n_dims_PM_comp": 13.0, "mean_lat": 47.934650567570415, "mean_long": -122.15236317396487, "std_lat": 0.05451891967506903, "std_long": 0.06704189493386536, "init_lengthscale": 32.94878706199461, "init_period_len_1": 1440.0, "init_period_len_2": 10080.0, "log_ll": -15.647330369312385, "m": 47.0, "bic": 361.0331445015246, "bics_PM": [