{"max_speed_kmh": 200.0, "spatial_radius_km": 0.3, "bin_len": 10080.0, "tdf.shape[0]": 10299.0, "f_tdf.shape[0]": 10191.0, "fc_tdf.shape[0]": 3013.0, "fcu_tdf.shape[0]": 2975.0, "curr_ocp": 1.0, "target_ocp": 0.9, "new_ocp": 0.8888888888888888, "n_train": 2152.0, "n_test": 341.0, "n_dims": 13.0, "mean_lat": 47.73656733077629, "mean_long": -122.31891383928289, "std_lat": 0.06353462648062821, "std_long": 0.03902463241355116, "init_lengthscale": 20.081125058112505, "init_period_len_1": 1440.0, "init_period_len_2": 10080.0, "log_ll": -3043.2403426108194, "m": 23.0, "bic": 6262.986202411117, "gp_runtime": 94.27364587783813, "ses_smoothing_level": 0.9999999850946721, "holt_smoothing_level_lat": 0.9505853290008524, "holt_smoothing_slope_lat": 0.506535188512739, "holt_smoothing_level_lon": 0.999999985098808, "holt_smoothing_slope_lon": 0.40340485186674724, "holt_damping_slope_lat": 0.8, "holt_damping_slope_lon": 0.8000000000000048, "es_seasonal_periods": 24.0, "es_smoothing_level_lat": 0.9999999850986351, "es_smoothing_slope_lat": 0.43798354641850984, "es_smoothing_level_lon": 0.9999999850988388, "es_smoothing_slope_lon": 0.4031179124349212, "es_damping_slope_lat": 0.8131136505179458, "es_damping_slope_lon": 0.8000000000000428, "arima_order": [2, 0, 1], "sarimax_order": null, "sarimax_seasonal_order": null}