{"max_speed_kmh": 200.0, "spatial_radius_km": 0.3, "bin_len": 10080.0, "tdf.shape[0]": 20038.0, "f_tdf.shape[0]": 19720.0, "fc_tdf.shape[0]": 5022.0, "fcu_tdf.shape[0]": 4996.0, "curr_ocp": 1.0, "target_ocp": 0.8, "new_ocp": 0.7142857142857143, "n_train": 2166.0, "n_test": 1778.0, "n_dims": 13.0, "mean_lat": 47.9287181069299, "mean_long": -122.09751283810704, "std_lat": 0.07365112400686856, "std_long": 0.08622769620496185, "init_lengthscale": 16.122632794457274, "init_period_len_1": 1440.0, "init_period_len_2": 10080.0, "log_ll": -2729.957217075194, "m": 23.0, "bic": 5636.569094984289, "gp_runtime": 124.64497780799866, "ses_smoothing_level": 0.9999999850848535, "holt_smoothing_level_lat": 0.9786567618711081, "holt_smoothing_slope_lat": 0.5222533566235168, "holt_smoothing_level_lon": 0.9999999850988366, "holt_smoothing_slope_lon": 0.39723219070967153, "holt_damping_slope_lat": 0.8, "holt_damping_slope_lon": 0.840609486021701, "es_seasonal_periods": 24.0, "es_smoothing_level_lat": 0.9999999850988388, "es_smoothing_slope_lat": 0.48869952773486763, "es_smoothing_level_lon": 0.9999999850988388, "es_smoothing_slope_lon": 0.39941594810014386, "es_damping_slope_lat": 0.8, "es_damping_slope_lon": 0.8408335444710562, "arima_order": [2, 0, 1], "sarimax_order": null, "sarimax_seasonal_order": null}