{"max_speed_kmh": 200.0, "spatial_radius_km": 0.3, "tdf.shape[0]": 15863.0, "f_tdf.shape[0]": 15709.0, "fc_tdf.shape[0]": 879.0, "fcu_tdf.shape[0]": 878.0, "n_train_orig": 245.0, "n_test_orig": 17.0, "n_dims_orig": 13.0, "n_train_PM": 322.0, "n_test_PM": 139.0, "n_dims_PM": 13.0, "n_train_PM_comp": 253.0, "n_test_PM_comp": 9.0, "n_dims_PM_comp": 13.0, "mean_lat": 47.048125943241836, "mean_long": -122.37159240792056, "std_lat": 0.10847849750972054, "std_long": 0.11636455380829655, "init_lengthscale": 337.91269841269843, "init_period_len_1": 1440.0, "init_period_len_2": 10080.0, "log_ll": 247.62258684882778, "m": 47.0, "bic": -235.1758677274621, "bics_PM": [