{"max_speed_kmh": 200.0, "spatial_radius_km": 0.3, "tdf.shape[0]": 7682.0, "f_tdf.shape[0]": 7464.0, "fc_tdf.shape[0]": 1235.0, "fcu_tdf.shape[0]": 1226.0, "n_train_orig": 397.0, "n_test_orig": 12.0, "n_dims_orig": 13.0, "n_train_PM": 445.0, "n_test_PM": 191.0, "n_dims_PM": 13.0, "n_train_PM_comp": 403.0, "n_test_PM_comp": 6.0, "n_dims_PM_comp": 13.0, "mean_lat": 47.18945582509111, "mean_long": -122.45042218958399, "std_lat": 0.04652283778213874, "std_long": 0.08366523832723362, "init_lengthscale": 206.44776119402985, "init_period_len_1": 1440.0, "init_period_len_2": 10080.0, "log_ll": 122.28466621907108, "m": 47.0, "bic": 37.38068597335189, "bics_PM": [