{"max_speed_kmh": 400.0, "spatial_radius_km": 0.3, "bin_len": 60.0, "tdf.shape[0]": 5848.0, "f_tdf.shape[0]": 5431.0, "fc_tdf.shape[0]": 1186.0, "fcu_tdf.shape[0]": 1182.0, "curr_ocp": 0.17272727272727273, "target_ocp": 0.1, "new_ocp": 0.09949164851125636, "n_train": 524.0, "n_test": 604.0, "n_dims": 13.0, "mean_lat": 47.57680166956778, "mean_long": -122.29118346216192, "std_lat": 0.08881007125022078, "std_long": 0.0283434838646174, "init_lengthscale": 78.93881453154876, "init_period_len_1": 1440.0, "init_period_len_2": 10080.0, "log_ll": -722.8384234229912, "m": 23.0, "bic": 1589.6911555853665, "gp_runtime": 2.512493133544922, "ses_smoothing_level": 0.9999999850988388, "holt_smoothing_level_lat": 0.9999999850988388, "holt_smoothing_slope_lat": 0.0, "holt_smoothing_level_lon": 0.9999999850988388, "holt_smoothing_slope_lon": 0.0, "holt_damping_slope_lat": 0.8852386561883979, "holt_damping_slope_lon": 0.8000000006761128, "es_seasonal_periods": 24.0, "es_smoothing_level_lat": 0.9999999850940474, "es_smoothing_slope_lat": 1.7645776073045143e-11, "es_smoothing_level_lon": 0.9999999850983357, "es_smoothing_slope_lon": 0.0, "es_damping_slope_lat": 0.9899968549862167, "es_damping_slope_lon": 0.800000000313657, "arima_order": [2, 0, 0], "sarimax_order": [2, 0, 0], "sarimax_seasonal_order": [0, 0, 1, 24]}