{"max_speed_kmh": 200.0, "spatial_radius_km": 0.3, "bin_len": 5.0, "tdf.shape[0]": 12255.0, "f_tdf.shape[0]": 11696.0, "fc_tdf.shape[0]": 2005.0, "fcu_tdf.shape[0]": 1992.0, "curr_ocp": 0.02790237082775092, "target_ocp": 0.004313902825037381, "new_ocp": 0.004301726749469857, "n_train": 139.0, "n_test": 1217.0, "n_dims": 13.0, "mean_lat": 47.51676522283189, "mean_long": -122.29217925703969, "std_lat": 0.06570980981003324, "std_long": 0.027655415721940718, "init_lengthscale": 298.9891304347826, "init_period_len_1": 1440.0, "init_period_len_2": 10080.0, "log_ll": -166.0885933617489, "m": 23.0, "bic": 445.6700871855037, "gp_runtime": 0.6989061832427979, "ses_smoothing_level": 0.9266888710916258, "holt_smoothing_level_lat": 0.9233738226115468, "holt_smoothing_slope_lat": 4.0699675199851044e-13, "holt_smoothing_level_lon": 0.8380236611478803, "holt_smoothing_slope_lon": 0.0, "holt_damping_slope_lat": 0.8601934328277562, "holt_damping_slope_lon": 0.840737284570141, "es_seasonal_periods": 24.0, "es_smoothing_level_lat": 0.9723168623401202, "es_smoothing_slope_lat": 0.0, "es_smoothing_level_lon": 0.8717640875156275, "es_smoothing_slope_lon": 0.0, "es_damping_slope_lat": 0.8452342725477139, "es_damping_slope_lon": 0.800000000027489, "arima_order": [1, 0, 0], "sarimax_order": null, "sarimax_seasonal_order": null}