{"max_speed_kmh": 400.0, "spatial_radius_km": 0.3, "bin_len": 1440.0, "tdf.shape[0]": 7525.0, "f_tdf.shape[0]": 7239.0, "fc_tdf.shape[0]": 1903.0, "fcu_tdf.shape[0]": 1893.0, "curr_ocp": 0.9666666666666667, "target_ocp": 0.3, "new_ocp": 0.288135593220339, "n_train": 423.0, "n_test": 1154.0, "n_dims": 13.0, "mean_lat": 47.799220860090685, "mean_long": -122.27457545434858, "std_lat": 0.02616518495622636, "std_long": 0.021600612285095556, "init_lengthscale": 99.82938388625593, "init_period_len_1": 1440.0, "init_period_len_2": 10080.0, "log_ll": -583.6843512098653, "m": 23.0, "bic": 1306.458262537795, "gp_runtime": 1.948338270187378, "ses_smoothing_level": 0.9999999850964935, "holt_smoothing_level_lat": 0.9999999840109266, "holt_smoothing_slope_lat": 0.06737557671009733, "holt_smoothing_level_lon": 0.9999999850988388, "holt_smoothing_slope_lon": 0.2611329723719525, "holt_damping_slope_lat": 0.8000000399634568, "holt_damping_slope_lon": 0.8, "es_seasonal_periods": 24.0, "es_smoothing_level_lat": 0.9999999850988388, "es_smoothing_slope_lat": 0.0, "es_smoothing_level_lon": 0.9999999850799803, "es_smoothing_slope_lon": 0.2869684791009869, "es_damping_slope_lat": 0.9710552640391721, "es_damping_slope_lon": 0.8000000000198565, "arima_order": [2, 0, 1], "sarimax_order": null, "sarimax_seasonal_order": null}