model,MAE,RMSE,MAD,MAPE,MAXAPE,TAPE,PCM,DF,AREA,CL,DTW,MSE
MTGP_Comp,0.5173688893525034,2.544224015665601,0.8820578053182586,38.2448547200092,12964.671161223792,44134.56234689062,178.94595777173998,8.627660717879106,58637.4703695674,,1194.0873966255774,1.618268960472399
MTGP_RBF,0.4941739937262907,2.5279189176081145,0.8239616819654815,150.96275232342538,1280.494848649838,174211.01618123287,,8.683312474138155,60191.667945659035,,1140.5535775202798,1.5975935135002453
SES,0.5869657606850502,2.7196080288292754,1.286244856892074,13.664240901158887,148.57195598153243,15768.533999937355,,8.129946407475932,54639.35264990482,59.21434904888824,1354.7169756610938,1.849066957618164
Holt,0.672883724690446,2.9054247994566738,1.6170501260196732,9.011966734181627,97.24760525851016,10399.809611245595,,7.93575583576245,72515.30229153136,53.25573675002762,1553.01563658555,2.110373316324463
ES,0.7117004885509677,2.9501552629243184,1.7382209352475084,9.42972058629091,451.5950374488246,10881.89755657971,1537.0616351613724,7.779940681294784,80322.5070553058,,1642.6047275756328,2.175854018840014
ARIMA,0.4938886395057562,2.528466471008829,0.8302622837271543,8377.994936996824,90692.42201585387,9668206.157294333,,8.685646792357941,60052.64640894805,209.23211342302403,1139.8949799792836,1.5982856737539608
SARIMAX,0.49420189533472075,2.5295129847934326,0.8252733142257747,inf,inf,inf,,8.69289800893129,60226.47192516262,inf,1140.6179744325366,1.5996089850596455
