{"max_speed_kmh": 200.0, "spatial_radius_km": 0.3, "tdf.shape[0]": 6527.0, "f_tdf.shape[0]": 6161.0, "fc_tdf.shape[0]": 1879.0, "fcu_tdf.shape[0]": 1839.0, "n_train_orig": 641.0, "n_test_orig": 22.0, "n_dims_orig": 13.0, "n_train_PM": 655.0, "n_test_PM": 281.0, "n_dims_PM": 13.0, "n_train_PM_comp": 652.0, "n_test_PM_comp": 11.0, "n_dims_PM_comp": 13.0, "mean_lat": 47.64003237818263, "mean_long": -122.0807758429341, "std_lat": 0.04053428703744555, "std_long": 0.08413425304501462, "init_lengthscale": 65.36712749615975, "init_period_len_1": 1440.0, "init_period_len_2": 10080.0, "log_ll": 113.2474351449423, "m": 47.0, "bic": 78.06722412066807, "bics_PM": [