{"max_speed_kmh": 200.0, "spatial_radius_km": 0.3, "bin_len": 10080.0, "tdf.shape[0]": 22304.0, "f_tdf.shape[0]": 22023.0, "fc_tdf.shape[0]": 4136.0, "fcu_tdf.shape[0]": 4099.0, "curr_ocp": 1.0, "target_ocp": 0.6, "new_ocp": 0.5, "n_train": 820.0, "n_test": 2357.0, "n_dims": 13.0, "mean_lat": 48.02842341790432, "mean_long": -122.16018590800162, "std_lat": 0.13173428419883904, "std_long": 0.04419532783387, "init_lengthscale": 24.593406593406595, "init_period_len_1": 1440.0, "init_period_len_2": 10080.0, "log_ll": -1159.5984548921601, "m": 23.0, "bic": 2473.510909610261, "gp_runtime": 2.4322073459625244, "ses_smoothing_level": 0.9999999850987996, "holt_smoothing_level_lat": 0.875583097979118, "holt_smoothing_slope_lat": 0.8225535108194643, "holt_smoothing_level_lon": 0.9999999850988388, "holt_smoothing_slope_lon": 0.4095116420758003, "holt_damping_slope_lat": 0.8131557575886361, "holt_damping_slope_lon": 0.8, "es_seasonal_periods": 24.0, "es_smoothing_level_lat": 0.9999999850988388, "es_smoothing_slope_lat": 0.5864312112848674, "es_smoothing_level_lon": 0.9999999850988388, "es_smoothing_slope_lon": 0.40641345231255116, "es_damping_slope_lat": 0.8501210962855439, "es_damping_slope_lon": 0.8, "arima_order": [2, 0, 2], "sarimax_order": null, "sarimax_seasonal_order": null}