{"max_speed_kmh": 200.0, "spatial_radius_km": 0.3, "tdf.shape[0]": 8013.0, "f_tdf.shape[0]": 7863.0, "fc_tdf.shape[0]": 4111.0, "fcu_tdf.shape[0]": 4101.0, "n_train_orig": 959.0, "n_test_orig": 9.0, "n_dims_orig": 13.0, "n_train_PM": 1713.0, "n_test_PM": 735.0, "n_dims_PM": 13.0, "n_train_PM_comp": 963.0, "n_test_PM_comp": 5.0, "n_dims_PM_comp": 13.0, "mean_lat": 47.39245267552367, "mean_long": -122.30251692250374, "std_lat": 0.11364987870801176, "std_long": 0.04772052673356611, "init_lengthscale": 40.41320166320166, "init_period_len_1": 1440.0, "init_period_len_2": 10080.0, "log_ll": 160.15512586075852, "m": 47.0, "bic": 2.582258632994865, "bics_PM": [