{"max_speed_kmh": 400.0, "spatial_radius_km": 0.3, "bin_len": 360.0, "tdf.shape[0]": 6527.0, "f_tdf.shape[0]": 6187.0, "fc_tdf.shape[0]": 1886.0, "fcu_tdf.shape[0]": 1846.0, "curr_ocp": 0.5588235294117647, "target_ocp": 0.2, "new_ocp": 0.19831223628691982, "n_train": 508.0, "n_test": 1069.0, "n_dims": 13.0, "mean_lat": 47.64408517068042, "mean_long": -122.08656917020585, "std_lat": 0.023489749867606425, "std_long": 0.04340944307357195, "init_lengthscale": 83.89644970414201, "init_period_len_1": 1440.0, "init_period_len_2": 10080.0, "log_ll": -720.7465644108255, "m": 23.0, "bic": 1584.794202115956, "gp_runtime": 2.040544271469116, "ses_smoothing_level": 0.9999999850988388, "holt_smoothing_level_lat": 0.9999999850933688, "holt_smoothing_slope_lat": 2.3156667457882674e-11, "holt_smoothing_level_lon": 0.9999999850988388, "holt_smoothing_slope_lon": 0.0, "holt_damping_slope_lat": 0.8, "holt_damping_slope_lon": 0.9114476219661565, "es_seasonal_periods": 24.0, "es_smoothing_level_lat": 0.9999999850988388, "es_smoothing_slope_lat": 0.0, "es_smoothing_level_lon": 0.9999999850939846, "es_smoothing_slope_lon": 0.0, "es_damping_slope_lat": 0.8000000000010773, "es_damping_slope_lon": 0.9156176493126693, "arima_order": [1, 0, 2], "sarimax_order": null, "sarimax_seasonal_order": null}