{"max_speed_kmh": 400.0, "spatial_radius_km": 0.3, "bin_len": 15.0, "tdf.shape[0]": 5848.0, "f_tdf.shape[0]": 5431.0, "fc_tdf.shape[0]": 1186.0, "fcu_tdf.shape[0]": 1182.0, "curr_ocp": 0.08919202518363065, "target_ocp": 0.0348735546663603, "new_ocp": 0.03485064011379801, "n_train": 425.0, "n_test": 703.0, "n_dims": 13.0, "mean_lat": 47.57672294448989, "mean_long": -122.2890519530078, "std_lat": 0.08970248413322217, "std_long": 0.030073376588538755, "init_lengthscale": 99.47995283018868, "init_period_len_1": 1440.0, "init_period_len_2": 10080.0, "log_ll": -596.4031809791277, "m": 23.0, "bic": 1332.004412843517, "gp_runtime": 1.5312962532043457, "ses_smoothing_level": 0.999999985098644, "holt_smoothing_level_lat": 0.9999999850959037, "holt_smoothing_slope_lat": 1.8210360633033215e-11, "holt_smoothing_level_lon": 0.5464866220462222, "holt_smoothing_slope_lon": 1.7578731424144058e-11, "holt_damping_slope_lat": 0.9780379414630169, "holt_damping_slope_lon": 0.8, "es_seasonal_periods": 24.0, "es_smoothing_level_lat": 0.9999999850941814, "es_smoothing_slope_lat": 0.0, "es_smoothing_level_lon": 0.579185679206401, "es_smoothing_slope_lon": 0.0, "es_damping_slope_lat": 0.8514697354155422, "es_damping_slope_lon": 0.8000000085321817, "arima_order": [1, 0, 2], "sarimax_order": null, "sarimax_seasonal_order": null}