{"max_speed_kmh": 400.0, "spatial_radius_km": 0.3, "bin_len": 1440.0, "tdf.shape[0]": 9553.0, "f_tdf.shape[0]": 9429.0, "fc_tdf.shape[0]": 1069.0, "fcu_tdf.shape[0]": 1066.0, "curr_ocp": 0.8333333333333334, "target_ocp": 0.6, "new_ocp": 0.6, "n_train": 671.0, "n_test": 303.0, "n_dims": 13.0, "mean_lat": 47.60396866592073, "mean_long": -122.32058630639439, "std_lat": 0.03687129095918251, "std_long": 0.011392529764558753, "init_lengthscale": 64.28731343283582, "init_period_len_1": 1440.0, "init_period_len_2": 10080.0, "log_ll": -923.6523907538942, "m": 23.0, "bic": 1997.0064716581371, "gp_runtime": 3.271381378173828, "ses_smoothing_level": 0.8321567154253142, "holt_smoothing_level_lat": 0.831257811686498, "holt_smoothing_slope_lat": 0.0, "holt_smoothing_level_lon": 0.9999999850988388, "holt_smoothing_slope_lon": 0.0, "holt_damping_slope_lat": 0.9064936207153232, "holt_damping_slope_lon": 0.9332639865746439, "es_seasonal_periods": 24.0, "es_smoothing_level_lat": 0.7603072313000376, "es_smoothing_slope_lat": 0.10287255683764172, "es_smoothing_level_lon": 0.9999999850978694, "es_smoothing_slope_lon": 0.0, "es_damping_slope_lat": 0.8000000000007129, "es_damping_slope_lon": 0.9409589343366943, "arima_order": [2, 0, 2], "sarimax_order": null, "sarimax_seasonal_order": null}