{"max_speed_kmh": 400.0, "spatial_radius_km": 0.3, "bin_len": 1440.0, "tdf.shape[0]": 6527.0, "f_tdf.shape[0]": 6187.0, "fc_tdf.shape[0]": 1886.0, "fcu_tdf.shape[0]": 1846.0, "curr_ocp": 0.9666666666666667, "target_ocp": 0.7, "new_ocp": 0.7, "n_train": 1208.0, "n_test": 369.0, "n_dims": 13.0, "mean_lat": 47.63603886976325, "mean_long": -122.06827822008763, "std_lat": 0.047313907561412606, "std_long": 0.10279974904393842, "init_lengthscale": 35.39188069594035, "init_period_len_1": 1440.0, "init_period_len_2": 10080.0, "log_ll": -1374.8482289591484, "m": 23.0, "bic": 2912.9210496236765, "gp_runtime": 20.445701122283936, "ses_smoothing_level": 0.9999999850988388, "holt_smoothing_level_lat": 0.9999999850988388, "holt_smoothing_slope_lat": 2.262981291643233e-11, "holt_smoothing_level_lon": 0.9999999850988388, "holt_smoothing_slope_lon": 0.19824536901831596, "holt_damping_slope_lat": 0.8, "holt_damping_slope_lon": 0.8000000000000016, "es_seasonal_periods": 24.0, "es_smoothing_level_lat": 0.9999999850988388, "es_smoothing_slope_lat": 7.862869698518165e-14, "es_smoothing_level_lon": 0.9999999850988384, "es_smoothing_slope_lon": 0.1975893601629558, "es_damping_slope_lat": 0.8, "es_damping_slope_lon": 0.8, "arima_order": [1, 0, 2], "sarimax_order": null, "sarimax_seasonal_order": null}