{"max_speed_kmh": 400.0, "spatial_radius_km": 0.3, "bin_len": 360.0, "tdf.shape[0]": 8995.0, "f_tdf.shape[0]": 8720.0, "fc_tdf.shape[0]": 3242.0, "fcu_tdf.shape[0]": 3067.0, "curr_ocp": 0.6714975845410628, "target_ocp": 0.3, "new_ocp": 0.2995169082125604, "n_train": 1208.0, "n_test": 1246.0, "n_dims": 13.0, "mean_lat": 47.937092189524265, "mean_long": -122.1440360626164, "std_lat": 0.045731684702442404, "std_long": 0.06201066391424762, "init_lengthscale": 30.78914664457332, "init_period_len_1": 1440.0, "init_period_len_2": 10080.0, "log_ll": -1706.844266964381, "m": 23.0, "bic": 3576.9131256341416, "gp_runtime": 17.010506868362427, "ses_smoothing_level": 0.9999999850988388, "holt_smoothing_level_lat": 0.9999999850988388, "holt_smoothing_slope_lat": 0.45031750209955795, "holt_smoothing_level_lon": 0.9999999850988388, "holt_smoothing_slope_lon": 0.036216908898520805, "holt_damping_slope_lat": 0.8000000000000009, "holt_damping_slope_lon": 0.8, "es_seasonal_periods": 24.0, "es_smoothing_level_lat": 0.9999999850988337, "es_smoothing_slope_lat": 0.45234956065922166, "es_smoothing_level_lon": 0.9999999850988388, "es_smoothing_slope_lon": 0.040910269107887476, "es_damping_slope_lat": 0.8, "es_damping_slope_lon": 0.8000000000004561, "arima_order": [2, 0, 2], "sarimax_order": null, "sarimax_seasonal_order": null}