{"max_speed_kmh": 400.0, "spatial_radius_km": 0.3, "bin_len": 15.0, "tdf.shape[0]": 12998.0, "f_tdf.shape[0]": 12989.0, "fc_tdf.shape[0]": 4175.0, "fcu_tdf.shape[0]": 4162.0, "curr_ocp": 0.12938281730572074, "target_ocp": 0.1, "new_ocp": 0.09985646914086528, "n_train": 2639.0, "n_test": 799.0, "n_dims": 13.0, "mean_lat": 47.46472289497753, "mean_long": -122.2903560042314, "std_lat": 0.103441714216424, "std_long": 0.11775588581132727, "init_lengthscale": 13.8644806671721, "init_period_len_1": 1440.0, "init_period_len_2": 10080.0, "log_ll": -3745.892355842697, "m": 23.0, "bic": 7672.98228442497, "gp_runtime": 105.59242129325867, "ses_smoothing_level": 0.9999999850880883, "holt_smoothing_level_lat": 0.9836539740868596, "holt_smoothing_slope_lat": 0.22232630392596336, "holt_smoothing_level_lon": 0.9904834275150103, "holt_smoothing_slope_lon": 0.23679782033129887, "holt_damping_slope_lat": 0.8, "holt_damping_slope_lon": 0.8, "es_seasonal_periods": 24.0, "es_smoothing_level_lat": 0.9838075514092618, "es_smoothing_slope_lat": 0.22226480697141004, "es_smoothing_level_lon": 0.9939771141028528, "es_smoothing_slope_lon": 0.2334570610332876, "es_damping_slope_lat": 0.8, "es_damping_slope_lon": 0.8, "arima_order": [2, 0, 2], "sarimax_order": null, "sarimax_seasonal_order": null}