model,MAE,RMSE,MAD,MAPE,MAXAPE,TAPE,PCM,DF,AREA,CL,DTW,MSE
MTGP_Comp,0.14368501770828365,0.6092450911992199,0.2865645307588674,3.2427076763397293,243.40239516137308,2590.9234333954437,39.39175351078133,1.6850320196955977,18845.327836877383,,229.60865829783756,0.09279489528758644
MTGP_RBF,0.2910249898589622,1.342327255507286,0.6716706716248148,31.97850414401245,292.0968687497231,25550.824811065944,,5.504952960365916,32136.346848631605,,465.0579337946209,0.4504606152194307
SES,0.33725012055833536,1.6318005540565468,0.7821145549623266,3.3834945526593065,94.8599306036062,2703.4121475747856,227.33421052829993,5.924242947391832,30485.546964526016,,538.9256926522194,0.6656932620548134
Holt,0.37435102338353865,1.743737736898141,0.906430554407616,3.0626362854581095,803.7624233086943,2447.0463920810294,222.4062329194364,6.056531953609412,36733.860459406336,,598.2129353668944,0.7601553237706624
ES,0.3735414668793978,1.7345635261711765,0.8871865456718525,2.181165421158042,150.69292586385478,1742.7511715052754,184.61894045554004,6.114748299790428,37128.62252997801,,596.9192640732779,0.7521776565808466
ARIMA,0.296585764370608,1.3491199886382905,0.693698944699401,291.31839083332886,6705.904231673084,232763.3942758298,198.901643876236,5.688266095261682,33074.00549034724,,473.94405146423145,0.45503118593584524
SARIMAX,0.29432926183138064,1.337908939600286,0.6996125491385857,inf,inf,inf,,5.476890843052136,33003.68853975956,inf,470.3381604065464,0.44750008266559016
