{"max_speed_kmh": 400.0, "spatial_radius_km": 0.3, "bin_len": 30.0, "tdf.shape[0]": 8995.0, "f_tdf.shape[0]": 8720.0, "fc_tdf.shape[0]": 3242.0, "fcu_tdf.shape[0]": 3067.0, "curr_ocp": 0.17675544794188863, "target_ocp": 0.1, "new_ocp": 0.09975767366720517, "n_train": 1185.0, "n_test": 1269.0, "n_dims": 13.0, "mean_lat": 47.929035685874865, "mean_long": -122.14148109780459, "std_lat": 0.06837206245892456, "std_long": 0.0620396232846866, "init_lengthscale": 31.36402027027027, "init_period_len_1": 1440.0, "init_period_len_2": 10080.0, "log_ll": -1668.2131456679783, "m": 23.0, "bic": 3499.208746568049, "gp_runtime": 14.94305682182312, "ses_smoothing_level": 0.9999999850988388, "holt_smoothing_level_lat": 0.9999999850988388, "holt_smoothing_slope_lat": 1.9950102489565127e-11, "holt_smoothing_level_lon": 0.9999999850988388, "holt_smoothing_slope_lon": 5.1078982468992374e-12, "holt_damping_slope_lat": 0.8, "holt_damping_slope_lon": 0.8, "es_seasonal_periods": 24.0, "es_smoothing_level_lat": 0.9999999850988388, "es_smoothing_slope_lat": 1.5341727731404482e-14, "es_smoothing_level_lon": 0.9999999850988388, "es_smoothing_slope_lon": 5.116493415167346e-14, "es_damping_slope_lat": 0.8000000000007931, "es_damping_slope_lon": 0.8000000000038033, "arima_order": [2, 0, 2], "sarimax_order": null, "sarimax_seasonal_order": null}