{"max_speed_kmh": 400.0, "spatial_radius_km": 0.3, "bin_len": 30.0, "tdf.shape[0]": 13629.0, "f_tdf.shape[0]": 13495.0, "fc_tdf.shape[0]": 3175.0, "fcu_tdf.shape[0]": 3154.0, "curr_ocp": 0.09303135888501742, "target_ocp": 0.014707094466676642, "new_ocp": 0.011371973587674248, "n_train": 265.0, "n_test": 2277.0, "n_dims": 13.0, "mean_lat": 47.47163726137916, "mean_long": -122.3213023885112, "std_lat": 0.19247302592992516, "std_long": 0.08097721098260005, "init_lengthscale": 154.88257575757575, "init_period_len_1": 1440.0, "init_period_len_2": 10080.0, "log_ll": -317.3887485706843, "m": 23.0, "bic": 763.1112831390517, "gp_runtime": 3.1574907302856445, "ses_smoothing_level": 0.9543442009150278, "holt_smoothing_level_lat": 0.9534574162741797, "holt_smoothing_slope_lat": 1.4333757531377488e-13, "holt_smoothing_level_lon": 0.9627299970475686, "holt_smoothing_slope_lon": 0.0, "holt_damping_slope_lat": 0.8659432640827323, "holt_damping_slope_lon": 0.9069947561579048, "es_seasonal_periods": 24.0, "es_smoothing_level_lat": 0.9550488574270444, "es_smoothing_slope_lat": 0.0, "es_smoothing_level_lon": 0.9493361476100651, "es_smoothing_slope_lon": 3.31944478933237e-12, "es_damping_slope_lat": 0.8383113296997478, "es_damping_slope_lon": 0.960710257397686, "arima_order": [2, 0, 2], "sarimax_order": null, "sarimax_seasonal_order": null}