{"max_speed_kmh": 400.0, "spatial_radius_km": 0.3, "bin_len": 30.0, "tdf.shape[0]": 12998.0, "f_tdf.shape[0]": 12989.0, "fc_tdf.shape[0]": 4175.0, "fcu_tdf.shape[0]": 4162.0, "curr_ocp": 0.1775317753177532, "target_ocp": 0.1, "new_ocp": 0.0997938144329897, "n_train": 1531.0, "n_test": 1907.0, "n_dims": 13.0, "mean_lat": 47.45981047283868, "mean_long": -122.29289399809817, "std_lat": 0.09882335703813074, "std_long": 0.11140573292385332, "init_lengthscale": 23.765032679738564, "init_period_len_1": 1440.0, "init_period_len_2": 10080.0, "log_ll": -2172.4893329492434, "m": 23.0, "bic": 4513.653222998613, "gp_runtime": 23.48963952064514, "ses_smoothing_level": 0.9456745805323329, "holt_smoothing_level_lat": 0.9452737176589358, "holt_smoothing_slope_lat": 0.0, "holt_smoothing_level_lon": 0.9999999850988388, "holt_smoothing_slope_lon": 0.08364993521982442, "holt_damping_slope_lat": 0.9690926873015819, "holt_damping_slope_lon": 0.8, "es_seasonal_periods": 24.0, "es_smoothing_level_lat": 0.9470342228177812, "es_smoothing_slope_lat": 3.7079289943602637e-09, "es_smoothing_level_lon": 0.9999999850868485, "es_smoothing_slope_lon": 0.08381506551874186, "es_damping_slope_lat": 0.9689221770212786, "es_damping_slope_lon": 0.8, "arima_order": [2, 0, 2], "sarimax_order": null, "sarimax_seasonal_order": null}