{"max_speed_kmh": 400.0, "spatial_radius_km": 0.3, "bin_len": 30.0, "tdf.shape[0]": 11812.0, "f_tdf.shape[0]": 11337.0, "fc_tdf.shape[0]": 4700.0, "fcu_tdf.shape[0]": 4684.0, "curr_ocp": 0.18513323983169705, "target_ocp": 0.1, "new_ocp": 0.0997191011235955, "n_train": 2060.0, "n_test": 1745.0, "n_dims": 13.0, "mean_lat": 47.30693255983401, "mean_long": -122.05905618819462, "std_lat": 0.11630156828599301, "std_long": 0.08834905612632718, "init_lengthscale": 20.746478873239436, "init_period_len_1": 1440.0, "init_period_len_2": 10080.0, "log_ll": -2784.4280325027344, "m": 23.0, "bic": 5744.356674026492, "gp_runtime": 83.06626653671265, "ses_smoothing_level": 0.9999999850988388, "holt_smoothing_level_lat": 0.9999999850988388, "holt_smoothing_slope_lat": 3.1273816559194864e-10, "holt_smoothing_level_lon": 0.9716284710466234, "holt_smoothing_slope_lon": 1.0679323426842976e-11, "holt_damping_slope_lat": 0.9668371631854209, "holt_damping_slope_lon": 0.8, "es_seasonal_periods": 24.0, "es_smoothing_level_lat": 0.9999999850932982, "es_smoothing_slope_lat": 1.066275371786465e-10, "es_smoothing_level_lon": 0.9753852793122786, "es_smoothing_slope_lon": 3.352185566826333e-09, "es_damping_slope_lat": 0.9622320946284754, "es_damping_slope_lon": 0.8, "arima_order": [1, 0, 2], "sarimax_order": null, "sarimax_seasonal_order": null}