{"max_speed_kmh": 200.0, "spatial_radius_km": 0.3, "bin_len": 60.0, "tdf.shape[0]": 9056.0, "f_tdf.shape[0]": 9046.0, "fc_tdf.shape[0]": 2554.0, "fcu_tdf.shape[0]": 2545.0, "curr_ocp": 0.17139737991266377, "target_ocp": 0.1, "new_ocp": 0.09934497816593886, "n_train": 1204.0, "n_test": 776.0, "n_dims": 13.0, "mean_lat": 48.18872980577372, "mean_long": -122.18043524676341, "std_lat": 0.07743309567946079, "std_long": 0.08980472492193683, "init_lengthscale": 22.823773898586865, "init_period_len_1": 1440.0, "init_period_len_2": 10080.0, "log_ll": -1700.3015998705384, "m": 23.0, "bic": 3563.7515061360587, "gp_runtime": 17.100869178771973, "ses_smoothing_level": 0.9999999850985987, "holt_smoothing_level_lat": 0.9999999850988388, "holt_smoothing_slope_lat": 0.0, "holt_smoothing_level_lon": 0.9999999850988388, "holt_smoothing_slope_lon": 0.0, "holt_damping_slope_lat": 0.9545468161659306, "holt_damping_slope_lon": 0.9911068963857186, "es_seasonal_periods": 24.0, "es_smoothing_level_lat": 0.9999999850988388, "es_smoothing_slope_lat": 0.09562005682307916, "es_smoothing_level_lon": 0.9999999850988388, "es_smoothing_slope_lon": 0.0488966955208439, "es_damping_slope_lat": 0.8000000000000037, "es_damping_slope_lon": 0.8, "arima_order": [2, 0, 1], "sarimax_order": [2, 0, 1], "sarimax_seasonal_order": [0, 0, 0, 24]}