model,MAE,RMSE,MAD,MAPE,MAXAPE,TAPE,PCM,DF,AREA,CL,DTW,MSE
MTGP_Comp,0.37323538969707815,1.732720243324332,0.6183197903911196,5.7728962333254925,554.5449624468373,4479.767477060583,41.32886063851305,6.236543117438865,32404.51043674619,,579.2613248098655,0.7505798604064833
MTGP_RBF,0.24858909727272757,1.1672523815598732,0.589170790771468,125.43124230078047,1319.2390811168736,97334.64402540565,,5.013622051783864,25978.903740987418,114.70142571645025,385.81027896727363,0.34061953056429894
SES,0.3376549698268736,1.4797939658280175,0.7489060477556637,4.84406116880138,86.71366655672905,3758.9914669898712,167.99675353061642,5.460207943913525,20214.49996799768,,524.0405131713085,0.547447545325253
Holt,0.3376945330754792,1.4798945038496825,0.7491676750028117,5.010100905101206,222.02331977563406,3887.838302358536,167.74745062288997,5.460200100834754,20214.679501899962,,524.1019153331429,0.5475219356311245
ES,0.37967346486377285,1.5651118673839928,0.877600274795419,3.1990776870000524,47.43659293807721,2482.4842851120407,134.897835577169,5.43492637609978,24839.40252873622,,589.2532174685759,0.6123937893565524
ARIMA,0.25510862871744755,1.1861927501379648,0.6144743931793174,130.87621609525905,1956.0865568554486,101559.94368992103,152.735821835166,5.016906794708472,25765.386956699287,,395.92859176947854,0.3517633101199671
SARIMAX,0.25712045939132555,1.187732483615479,0.6192513170770939,inf,inf,inf,153.1386311860893,5.008008666904166,26188.71335307257,,399.0509529753367,0.3526771131588486
