{"max_speed_kmh": 400.0, "spatial_radius_km": 0.3, "bin_len": 30.0, "tdf.shape[0]": 23563.0, "f_tdf.shape[0]": 22726.0, "fc_tdf.shape[0]": 6629.0, "fcu_tdf.shape[0]": 6594.0, "curr_ocp": 0.2042031523642732, "target_ocp": 0.1, "new_ocp": 0.09961417046650298, "n_train": 2059.0, "n_test": 3245.0, "n_dims": 13.0, "mean_lat": 47.542811999767125, "mean_long": -122.21326516007433, "std_lat": 0.08415108114178, "std_long": 0.07287868814653282, "init_lengthscale": 20.77332361516035, "init_period_len_1": 1440.0, "init_period_len_2": 10080.0, "log_ll": -2889.380290593212, "m": 23.0, "bic": 5954.250022448064, "gp_runtime": 70.97998189926147, "ses_smoothing_level": 0.9999999850988388, "holt_smoothing_level_lat": 0.9999999825501336, "holt_smoothing_slope_lat": 3.9581555001837547e-10, "holt_smoothing_level_lon": 0.9999999850867098, "holt_smoothing_slope_lon": 1.3829275475306406e-10, "holt_damping_slope_lat": 0.9793821970738104, "holt_damping_slope_lon": 0.9653568370173595, "es_seasonal_periods": 24.0, "es_smoothing_level_lat": 0.9999999850988034, "es_smoothing_slope_lat": 0.0, "es_smoothing_level_lon": 0.9999999850186377, "es_smoothing_slope_lon": 4.1734978531711017e-10, "es_damping_slope_lat": 0.8000000000496584, "es_damping_slope_lon": 0.9682842538480058, "arima_order": [1, 0, 0], "sarimax_order": null, "sarimax_seasonal_order": null}