{"max_speed_kmh": 400.0, "spatial_radius_km": 0.3, "bin_len": 1440.0, "tdf.shape[0]": 16625.0, "f_tdf.shape[0]": 16070.0, "fc_tdf.shape[0]": 2992.0, "fcu_tdf.shape[0]": 2958.0, "curr_ocp": 0.8666666666666667, "target_ocp": 0.7, "new_ocp": 0.7, "n_train": 2116.0, "n_test": 360.0, "n_dims": 13.0, "mean_lat": 47.44365755970835, "mean_long": -122.29480072516873, "std_lat": 0.16070624454220878, "std_long": 0.27689084261980873, "init_lengthscale": 20.42293144208038, "init_period_len_1": 1440.0, "init_period_len_2": 10080.0, "log_ll": -2458.2143068322953, "m": 23.0, "bic": 5092.546117903089, "gp_runtime": 96.1532781124115, "ses_smoothing_level": 0.9999999850988388, "holt_smoothing_level_lat": 0.9999999850988388, "holt_smoothing_slope_lat": 0.2852512717124374, "holt_smoothing_level_lon": 0.9999999850988381, "holt_smoothing_slope_lon": 0.21849283839524516, "holt_damping_slope_lat": 0.8, "holt_damping_slope_lon": 0.8798779078399588, "es_seasonal_periods": 24.0, "es_smoothing_level_lat": 0.9999999850985322, "es_smoothing_slope_lat": 0.28764752798952137, "es_smoothing_level_lon": 0.9999999850987396, "es_smoothing_slope_lon": 0.21808299179123594, "es_damping_slope_lat": 0.8000000000000066, "es_damping_slope_lon": 0.8812290969713166, "arima_order": [2, 0, 1], "sarimax_order": null, "sarimax_seasonal_order": null}