{"max_speed_kmh": 400.0, "spatial_radius_km": 0.3, "bin_len": 15.0, "tdf.shape[0]": 13492.0, "f_tdf.shape[0]": 12829.0, "fc_tdf.shape[0]": 4713.0, "fcu_tdf.shape[0]": 4649.0, "curr_ocp": 0.14978050921861283, "target_ocp": 0.1, "new_ocp": 0.09975412715138743, "n_train": 2245.0, "n_test": 1645.0, "n_dims": 13.0, "mean_lat": 47.551438125595176, "mean_long": -122.02939470343777, "std_lat": 0.07170860524676116, "std_long": 0.15646013644757317, "init_lengthscale": 19.027852049910873, "init_period_len_1": 1440.0, "init_period_len_2": 10080.0, "log_ll": -2733.1999554229155, "m": 23.0, "bic": 5643.878509249887, "gp_runtime": 102.54946279525757, "ses_smoothing_level": 0.8905971857975182, "holt_smoothing_level_lat": 0.8905957816788332, "holt_smoothing_slope_lat": 0.0, "holt_smoothing_level_lon": 0.9999999850988388, "holt_smoothing_slope_lon": 0.10601983852585309, "holt_damping_slope_lat": 0.9892547679840875, "holt_damping_slope_lon": 0.8, "es_seasonal_periods": 24.0, "es_smoothing_level_lat": 0.8706169035887465, "es_smoothing_slope_lat": 0.027151197707482057, "es_smoothing_level_lon": 0.9999999850988388, "es_smoothing_slope_lon": 0.10841396590609209, "es_damping_slope_lat": 0.8000000032342441, "es_damping_slope_lon": 0.8000000000000123, "arima_order": [2, 0, 2], "sarimax_order": null, "sarimax_seasonal_order": null}