{"max_speed_kmh": 400.0, "spatial_radius_km": 0.3, "bin_len": 15.0, "tdf.shape[0]": 8013.0, "f_tdf.shape[0]": 7871.0, "fc_tdf.shape[0]": 4114.0, "fcu_tdf.shape[0]": 4103.0, "curr_ocp": 0.10996434603115031, "target_ocp": 0.1, "new_ocp": 0.09983111277913305, "n_train": 3084.0, "n_test": 322.0, "n_dims": 13.0, "mean_lat": 47.36805748382854, "mean_long": -122.30963296512905, "std_lat": 0.10971807931959449, "std_long": 0.04544315385335887, "init_lengthscale": 12.96188777165099, "init_period_len_1": 1440.0, "init_period_len_2": 10080.0, "log_ll": -4325.168117550115, "m": 23.0, "bic": 8835.117837997945, "gp_runtime": 394.1593747138977, "ses_smoothing_level": 0.9999999850988388, "holt_smoothing_level_lat": 0.9999999850988388, "holt_smoothing_slope_lat": 0.3930322122487656, "holt_smoothing_level_lon": 0.9999999850988388, "holt_smoothing_slope_lon": 0.3869459661032323, "holt_damping_slope_lat": 0.800000000000051, "holt_damping_slope_lon": 0.8000000000000416, "es_seasonal_periods": 24.0, "es_smoothing_level_lat": 0.9999999850988388, "es_smoothing_slope_lat": 0.39172185270549037, "es_smoothing_level_lon": 0.9999999850906194, "es_smoothing_slope_lon": 0.385711609949778, "es_damping_slope_lat": 0.8000000000000006, "es_damping_slope_lon": 0.8, "arima_order": [2, 0, 2], "sarimax_order": null, "sarimax_seasonal_order": null}