{"max_speed_kmh": 400.0, "spatial_radius_km": 0.3, "bin_len": 1440.0, "tdf.shape[0]": 4735.0, "f_tdf.shape[0]": 4497.0, "fc_tdf.shape[0]": 820.0, "fcu_tdf.shape[0]": 813.0, "curr_ocp": 0.8666666666666667, "target_ocp": 0.6, "new_ocp": 0.5964912280701754, "n_train": 432.0, "n_test": 264.0, "n_dims": 13.0, "mean_lat": 47.30026231457859, "mean_long": -122.42279066739673, "std_lat": 0.17114285732270854, "std_long": 0.06999538520061135, "init_lengthscale": 93.6508120649652, "init_period_len_1": 1440.0, "init_period_len_2": 10080.0, "log_ll": -509.904048991992, "m": 23.0, "bic": 1159.3818865135986, "gp_runtime": 2.2416493892669678, "ses_smoothing_level": 0.9999999850988388, "holt_smoothing_level_lat": 0.9286634402044118, "holt_smoothing_slope_lat": 0.37048030402140025, "holt_smoothing_level_lon": 0.9302712281177573, "holt_smoothing_slope_lon": 0.22449689132851755, "holt_damping_slope_lat": 0.9144279328920583, "holt_damping_slope_lon": 0.8, "es_seasonal_periods": 24.0, "es_smoothing_level_lat": 0.9999999850988374, "es_smoothing_slope_lat": 0.2871429562985629, "es_smoothing_level_lon": 0.9229607202340034, "es_smoothing_slope_lon": 0.24444602386207961, "es_damping_slope_lat": 0.9358350252263612, "es_damping_slope_lon": 0.8, "arima_order": [1, 1, 1], "sarimax_order": null, "sarimax_seasonal_order": null}