{"max_speed_kmh": 200.0, "spatial_radius_km": 0.3, "bin_len": 60.0, "tdf.shape[0]": 12202.0, "f_tdf.shape[0]": 11841.0, "fc_tdf.shape[0]": 5166.0, "fcu_tdf.shape[0]": 4705.0, "curr_ocp": 0.2757660167130919, "target_ocp": 0.1, "new_ocp": 0.09958217270194986, "n_train": 1392.0, "n_test": 2572.0, "n_dims": 13.0, "mean_lat": 47.59877789875916, "mean_long": -122.13696162917705, "std_lat": 0.09673100421037849, "std_long": 0.17512280442495692, "init_lengthscale": 30.96333572969087, "init_period_len_1": 1440.0, "init_period_len_2": 10080.0, "log_ll": -1810.984344652411, "m": 23.0, "bic": 3788.4541166453923, "gp_runtime": 24.514968872070312, "ses_smoothing_level": 0.9999999850988054, "holt_smoothing_level_lat": 0.9999999850988388, "holt_smoothing_slope_lat": 2.050708931107112e-13, "holt_smoothing_level_lon": 0.9999999849693086, "holt_smoothing_slope_lon": 0.0, "holt_damping_slope_lat": 0.8, "holt_damping_slope_lon": 0.9933472732314291, "es_seasonal_periods": 24.0, "es_smoothing_level_lat": 0.9999999850988327, "es_smoothing_slope_lat": 0.0, "es_smoothing_level_lon": 0.9999999850987403, "es_smoothing_slope_lon": 0.0, "es_damping_slope_lat": 0.8302379620592825, "es_damping_slope_lon": 0.9196751347944577, "arima_order": [1, 0, 2], "sarimax_order": [1, 0, 2], "sarimax_seasonal_order": [0, 0, 0, 24]}