{"max_speed_kmh": 200.0, "spatial_radius_km": 0.3, "tdf.shape[0]": 17254.0, "f_tdf.shape[0]": 16759.0, "fc_tdf.shape[0]": 4916.0, "fcu_tdf.shape[0]": 4876.0, "n_train_orig": 1645.0, "n_test_orig": 370.0, "n_dims_orig": 13.0, "n_train_PM": 1666.0, "n_test_PM": 715.0, "n_dims_PM": 13.0, "n_train_PM_comp": 1830.0, "n_test_PM_comp": 185.0, "n_dims_PM_comp": 13.0, "mean_lat": 47.794635171896616, "mean_long": -122.21754413694927, "std_lat": 0.036853969528078304, "std_long": 0.04658736354713019, "init_lengthscale": 47.58583925642427, "init_period_len_1": 1440.0, "init_period_len_2": 10080.0, "log_ll": -411.93005399478784, "m": 47.0, "bic": 1176.9274565438427, "bics_PM": [