{"max_speed_kmh": 200.0, "spatial_radius_km": 0.3, "bin_len": 5.0, "tdf.shape[0]": 8995.0, "f_tdf.shape[0]": 8683.0, "fc_tdf.shape[0]": 3236.0, "fcu_tdf.shape[0]": 3061.0, "curr_ocp": 0.063702408179739, "target_ocp": 0.007687240799708751, "new_ocp": 0.007658869799213414, "n_train": 209.0, "n_test": 2246.0, "n_dims": 13.0, "mean_lat": 47.93632788828872, "mean_long": -122.14156286449611, "std_lat": 0.06047699301816953, "std_long": 0.057289497072801066, "init_lengthscale": 174.1875, "init_period_len_1": 1440.0, "init_period_len_2": 10080.0, "log_ll": -291.4802478533055, "m": 23.0, "bic": 705.8341835018017, "gp_runtime": 1.6317386627197266, "ses_smoothing_level": 0.9538077709253696, "holt_smoothing_level_lat": 0.9538542664891237, "holt_smoothing_slope_lat": 3.0547403871946175e-12, "holt_smoothing_level_lon": 0.6961058414472813, "holt_smoothing_slope_lon": 0.0, "holt_damping_slope_lat": 0.9572921273874523, "holt_damping_slope_lon": 0.9545372514658121, "es_seasonal_periods": 24.0, "es_smoothing_level_lat": 0.9355176677381094, "es_smoothing_slope_lat": 2.0382677656663878e-11, "es_smoothing_level_lon": 0.7724785642128379, "es_smoothing_slope_lon": 0.0, "es_damping_slope_lat": 0.9589424549312489, "es_damping_slope_lon": 0.9708257452782031, "arima_order": [2, 0, 2], "sarimax_order": null, "sarimax_seasonal_order": null}