{"max_speed_kmh": 400.0, "spatial_radius_km": 0.3, "bin_len": 10080.0, "tdf.shape[0]": 7813.0, "f_tdf.shape[0]": 7622.0, "fc_tdf.shape[0]": 2809.0, "fcu_tdf.shape[0]": 2638.0, "curr_ocp": 1.0, "target_ocp": 0.6, "new_ocp": 0.5555555555555556, "n_train": 1257.0, "n_test": 1019.0, "n_dims": 13.0, "mean_lat": 47.62461059433665, "mean_long": -122.28274401464687, "std_lat": 0.10731717448823913, "std_long": 0.10155823816431939, "init_lengthscale": 34.371815286624205, "init_period_len_1": 1440.0, "init_period_len_2": 10080.0, "log_ll": -1783.1437552196426, "m": 23.0, "bic": 3730.426624236861, "gp_runtime": 22.991730213165283, "ses_smoothing_level": 0.9999999850988388, "holt_smoothing_level_lat": 0.9999999850988359, "holt_smoothing_slope_lat": 0.3339557276129364, "holt_smoothing_level_lon": 0.9999999850988387, "holt_smoothing_slope_lon": 0.15615941660534743, "holt_damping_slope_lat": 0.800000000000005, "holt_damping_slope_lon": 0.8591338745148613, "es_seasonal_periods": 24.0, "es_smoothing_level_lat": 0.9999999850988388, "es_smoothing_slope_lat": 0.33446064547148846, "es_smoothing_level_lon": 0.9999999850988388, "es_smoothing_slope_lon": 0.16009917174672256, "es_damping_slope_lat": 0.8, "es_damping_slope_lon": 0.8580968799804494, "arima_order": [2, 0, 1], "sarimax_order": null, "sarimax_seasonal_order": null}