{"max_speed_kmh": 200.0, "spatial_radius_km": 0.3, "bin_len": 60.0, "tdf.shape[0]": 6171.0, "f_tdf.shape[0]": 6042.0, "fc_tdf.shape[0]": 2002.0, "fcu_tdf.shape[0]": 1999.0, "curr_ocp": 0.12307692307692308, "target_ocp": 0.1, "new_ocp": 0.09964912280701754, "n_train": 1261.0, "n_test": 402.0, "n_dims": 13.0, "mean_lat": 47.817683131128106, "mean_long": -122.22414778102348, "std_lat": 0.12748042622936728, "std_long": 0.06936211148404782, "init_lengthscale": 33.90833333333333, "init_period_len_1": 1440.0, "init_period_len_2": 10080.0, "log_ll": -1602.3556538494295, "m": 23.0, "bic": 3368.923495426052, "gp_runtime": 22.518485069274902, "ses_smoothing_level": 0.9999999850988349, "holt_smoothing_level_lat": 0.9999999850988388, "holt_smoothing_slope_lat": 0.09972406043012123, "holt_smoothing_level_lon": 0.999999985098795, "holt_smoothing_slope_lon": 0.22101432202354326, "holt_damping_slope_lat": 0.8000000000000486, "holt_damping_slope_lon": 0.8, "es_seasonal_periods": 24.0, "es_smoothing_level_lat": 0.9999999850988388, "es_smoothing_slope_lat": 0.10170746364221142, "es_smoothing_level_lon": 0.9999999850988388, "es_smoothing_slope_lon": 0.2212709332091322, "es_damping_slope_lat": 0.8, "es_damping_slope_lon": 0.8, "arima_order": [2, 0, 1], "sarimax_order": [2, 0, 2], "sarimax_seasonal_order": [0, 0, 0, 24]}