{"max_speed_kmh": 400.0, "spatial_radius_km": 0.3, "bin_len": 1440.0, "tdf.shape[0]": 1437.0, "f_tdf.shape[0]": 1427.0, "fc_tdf.shape[0]": 445.0, "fcu_tdf.shape[0]": 445.0, "curr_ocp": 1.0, "target_ocp": 0.8, "new_ocp": 0.75, "n_train": 170.0, "n_test": 167.0, "n_dims": 10.0, "mean_lat": 47.199236238823524, "mean_long": -122.33624758882353, "std_lat": 0.06571581458649348, "std_long": 0.06665898374182641, "init_lengthscale": 13.325443786982248, "init_period_len_1": 1440.0, "init_period_len_2": 10080.0, "log_ll": -220.22604815393572, "m": 20.0, "bic": 543.1680650488767, "gp_runtime": 0.5596137046813965, "ses_smoothing_level": 0.9999999850988368, "holt_smoothing_level_lat": 0.9999999850988388, "holt_smoothing_slope_lat": 0.2806601790061121, "holt_smoothing_level_lon": 0.9999999850988388, "holt_smoothing_slope_lon": 0.571761899448375, "holt_damping_slope_lat": 0.8258810088938557, "holt_damping_slope_lon": 0.8, "es_seasonal_periods": 24.0, "es_smoothing_level_lat": 0.9999999850988343, "es_smoothing_slope_lat": 0.24792617277467988, "es_smoothing_level_lon": 0.9999999850988344, "es_smoothing_slope_lon": 0.6351976896373795, "es_damping_slope_lat": 0.876588181017107, "es_damping_slope_lon": 0.8, "arima_order": [2, 0, 2], "sarimax_order": null, "sarimax_seasonal_order": null}