{"max_speed_kmh": 400.0, "spatial_radius_km": 0.3, "bin_len": 15.0, "tdf.shape[0]": 19685.0, "f_tdf.shape[0]": 19599.0, "fc_tdf.shape[0]": 5631.0, "fcu_tdf.shape[0]": 5370.0, "curr_ocp": 0.15129733520336605, "target_ocp": 0.1, "new_ocp": 0.09992987377279103, "n_train": 2911.0, "n_test": 1488.0, "n_dims": 13.0, "mean_lat": 47.233476526374766, "mean_long": -122.44115063301061, "std_lat": 0.08242215028475969, "std_long": 0.08461708391506004, "init_lengthscale": 14.699484536082474, "init_period_len_1": 1440.0, "init_period_len_2": 10080.0, "log_ll": -3414.6841798861014, "m": 23.0, "bic": 7012.822154478352, "gp_runtime": 319.43531227111816, "ses_smoothing_level": 0.9999999850988388, "holt_smoothing_level_lat": 0.9678529623222863, "holt_smoothing_slope_lat": 0.24143208682704254, "holt_smoothing_level_lon": 0.9999999850988388, "holt_smoothing_slope_lon": 0.1320532810660449, "holt_damping_slope_lat": 0.8, "holt_damping_slope_lon": 0.8, "es_seasonal_periods": 24.0, "es_smoothing_level_lat": 0.9672031109464423, "es_smoothing_slope_lat": 0.2431573077859868, "es_smoothing_level_lon": 0.9999999850988388, "es_smoothing_slope_lon": 0.1336558785687373, "es_damping_slope_lat": 0.800000000176098, "es_damping_slope_lon": 0.8000000000001258, "arima_order": [2, 0, 1], "sarimax_order": null, "sarimax_seasonal_order": null}