{"max_speed_kmh": 200.0, "spatial_radius_km": 0.3, "bin_len": 5.0, "tdf.shape[0]": 5895.0, "f_tdf.shape[0]": 5812.0, "fc_tdf.shape[0]": 371.0, "fcu_tdf.shape[0]": 358.0, "curr_ocp": 0.013023782559456399, "target_ocp": 0.008530207257542282, "new_ocp": 0.008502024291497975, "n_train": 183.0, "n_test": 131.0, "n_dims": 11.0, "mean_lat": 47.803853311031965, "mean_long": -122.21886857992443, "std_lat": 0.06640845820228472, "std_long": 0.05204930758652576, "init_lengthscale": 169.63186813186815, "init_period_len_1": 1440.0, "init_period_len_2": 10080.0, "log_ll": -259.54929663847906, "m": 21.0, "bic": 628.497802486628, "gp_runtime": 1.4252135753631592, "ses_smoothing_level": 0.9999999850985374, "holt_smoothing_level_lat": 0.9999999850988388, "holt_smoothing_slope_lat": 0.0, "holt_smoothing_level_lon": 0.999999985096826, "holt_smoothing_slope_lon": 1.207304479401823e-11, "holt_damping_slope_lat": 0.8, "holt_damping_slope_lon": 0.8, "es_seasonal_periods": 24.0, "es_smoothing_level_lat": 0.9999999850988344, "es_smoothing_slope_lat": 8.712224714849711e-16, "es_smoothing_level_lon": 0.9999999850988388, "es_smoothing_slope_lon": 0.038883875815976424, "es_damping_slope_lat": 0.8, "es_damping_slope_lon": 0.8, "arima_order": [1, 1, 0], "sarimax_order": null, "sarimax_seasonal_order": null}