{"max_speed_kmh": 200.0, "spatial_radius_km": 0.3, "tdf.shape[0]": 12998.0, "f_tdf.shape[0]": 12987.0, "fc_tdf.shape[0]": 4173.0, "fcu_tdf.shape[0]": 4160.0, "n_train_orig": 993.0, "n_test_orig": 7.0, "n_dims_orig": 13.0, "n_train_PM": 1710.0, "n_test_PM": 734.0, "n_dims_PM": 13.0, "n_train_PM_comp": 996.0, "n_test_PM_comp": 4.0, "n_dims_PM_comp": 13.0, "mean_lat": 47.47607914164897, "mean_long": -122.29165473975533, "std_lat": 0.11318188265777225, "std_long": 0.11980947655625089, "init_lengthscale": 36.628643216080405, "init_period_len_1": 1440.0, "init_period_len_2": 10080.0, "log_ll": 368.2710134552916, "m": 47.0, "bic": -412.0659058041071, "bics_PM": [