{"max_speed_kmh": 400.0, "spatial_radius_km": 0.3, "bin_len": 1440.0, "tdf.shape[0]": 9008.0, "f_tdf.shape[0]": 8607.0, "fc_tdf.shape[0]": 3012.0, "fcu_tdf.shape[0]": 2963.0, "curr_ocp": 0.9, "target_ocp": 0.7, "new_ocp": 0.6842105263157895, "n_train": 1665.0, "n_test": 840.0, "n_dims": 13.0, "mean_lat": 47.787158339042854, "mean_long": -122.22913518610173, "std_lat": 0.14464723788273043, "std_long": 0.16804785603200226, "init_lengthscale": 24.383713942307693, "init_period_len_1": 1440.0, "init_period_len_2": 10080.0, "log_ll": -2211.8389037641978, "m": 23.0, "bic": 4594.28215678393, "gp_runtime": 44.54768443107605, "ses_smoothing_level": 0.9999999850988388, "holt_smoothing_level_lat": 0.9999999850988385, "holt_smoothing_slope_lat": 0.27450274504879574, "holt_smoothing_level_lon": 0.9999999850988388, "holt_smoothing_slope_lon": 0.545196531289489, "holt_damping_slope_lat": 0.8684111674333072, "holt_damping_slope_lon": 0.8216199451546297, "es_seasonal_periods": 24.0, "es_smoothing_level_lat": 0.9999999850988376, "es_smoothing_slope_lat": 0.2695497672162037, "es_smoothing_level_lon": 0.9999999850988388, "es_smoothing_slope_lon": 0.5483802316626163, "es_damping_slope_lat": 0.8717485083154543, "es_damping_slope_lon": 0.8212775577858816, "arima_order": [2, 0, 2], "sarimax_order": null, "sarimax_seasonal_order": null}