model,MAE,RMSE,MAD,MAPE,MAXAPE,TAPE,PCM,DF,AREA,CL,DTW,MSE
MTGP_Comp,0.21666580844789243,1.1101738226653781,0.28941006097133876,3.6495699247597386,476.85895090754383,3065.6387367981806,49.78070229425293,3.608456673477777,52928.48978903292,,363.9985581924593,0.3081214791328647
MTGP_RBF,0.15466148130460516,0.5230215771616274,0.4084070285286907,187.0572263086933,971.7412068790737,157128.07009930236,,1.410886226132607,27415.24679602196,,259.83128859173667,0.06838789254415906
SES,0.08798387393196795,0.5468550356740209,0.13428229109273115,0.634652985233354,11.512412252324355,533.1085075960174,110.34754628933707,2.124713583439188,14041.335100425305,,147.81290820570624,0.07476260751050867
Holt,0.08842611846602105,0.5434465165319374,0.15318042183203046,0.7023362327739914,23.58619079669741,589.9624355301528,106.57826238632745,2.117285023499118,14447.126852634508,,148.55587902291538,0.07383352908267432
ES,0.0806651323606771,0.5376295672368567,0.11624457936297837,0.74589672587605,33.596813447585575,626.553249735882,54.73674728696414,2.1172231502695245,12751.81308879772,,135.5174223659376,0.07226138789182247
ARIMA,0.1609930428938636,0.6545243323504937,0.39875972700170104,54.94391242553623,231.4523363930746,46152.886437450434,125.15744373265007,2.194322430848406,26977.48727367991,,270.4683120616909,0.1071005254097149
SARIMAX,0.15608682173191876,0.5257217449683496,0.41272868360879367,inf,inf,inf,,1.416375215143695,27719.055035195484,inf,262.2258605096235,0.06909583828314161
