{"max_speed_kmh": 400.0, "spatial_radius_km": 0.3, "bin_len": 360.0, "tdf.shape[0]": 7813.0, "f_tdf.shape[0]": 7622.0, "fc_tdf.shape[0]": 2809.0, "fcu_tdf.shape[0]": 2638.0, "curr_ocp": 0.7, "target_ocp": 0.5, "new_ocp": 0.5, "n_train": 1530.0, "n_test": 746.0, "n_dims": 13.0, "mean_lat": 47.628540201484626, "mean_long": -122.29357243507967, "std_lat": 0.1028644006737724, "std_long": 0.09225899080081866, "init_lengthscale": 28.234793982995424, "init_period_len_1": 1440.0, "init_period_len_2": 10080.0, "log_ll": -2170.8586923599273, "m": 23.0, "bic": 4510.376914050744, "gp_runtime": 25.959956407546997, "ses_smoothing_level": 0.9999999850988388, "holt_smoothing_level_lat": 0.9999999351503068, "holt_smoothing_slope_lat": 0.1784575806878586, "holt_smoothing_level_lon": 0.9999999850988388, "holt_smoothing_slope_lon": 0.11642135914695678, "holt_damping_slope_lat": 0.8000019006998712, "holt_damping_slope_lon": 0.846760623143219, "es_seasonal_periods": 24.0, "es_smoothing_level_lat": 0.9999999850988388, "es_smoothing_slope_lat": 0.17931569954796917, "es_smoothing_level_lon": 0.9999999850988388, "es_smoothing_slope_lon": 0.11819435691532149, "es_damping_slope_lat": 0.8000000000004059, "es_damping_slope_lon": 0.8477872939567023, "arima_order": [2, 0, 2], "sarimax_order": null, "sarimax_seasonal_order": null}