{"max_speed_kmh": 400.0, "spatial_radius_km": 0.3, "bin_len": 10080.0, "tdf.shape[0]": 8551.0, "f_tdf.shape[0]": 8317.0, "fc_tdf.shape[0]": 3141.0, "fcu_tdf.shape[0]": 3141.0, "curr_ocp": 1.0, "target_ocp": 0.9, "new_ocp": 0.8888888888888888, "n_train": 2238.0, "n_test": 295.0, "n_dims": 13.0, "mean_lat": 48.03953586945959, "mean_long": -122.18404211426721, "std_lat": 0.07015134324151821, "std_long": 0.01819456019826337, "init_lengthscale": 19.174564148413054, "init_period_len_1": 1440.0, "init_period_len_2": 10080.0, "log_ll": -2895.810031233878, "m": 23.0, "bic": 5969.026833911809, "gp_runtime": 127.91453337669373, "ses_smoothing_level": 0.9999999850822642, "holt_smoothing_level_lat": 0.9999999850988388, "holt_smoothing_slope_lat": 0.4790260710522696, "holt_smoothing_level_lon": 0.9999999850973177, "holt_smoothing_slope_lon": 0.4559942154068896, "holt_damping_slope_lat": 0.8802169662151763, "holt_damping_slope_lon": 0.8, "es_seasonal_periods": 24.0, "es_smoothing_level_lat": 0.9999999850988377, "es_smoothing_slope_lat": 0.48099271502820123, "es_smoothing_level_lon": 0.9999999850988257, "es_smoothing_slope_lon": 0.4513060224745217, "es_damping_slope_lat": 0.8801934235211958, "es_damping_slope_lon": 0.8000000000000097, "arima_order": [2, 0, 2], "sarimax_order": null, "sarimax_seasonal_order": null}