model,MAE,RMSE,MAD,MAPE,MAXAPE,TAPE
MTGP,1.9124608070173454,2.586943960051,1.4793846798444419,13.120132200525129,1103.1765431562014,7373.514296695122
SES,1.6365693208579446,2.6125618258753707,0.9076287207051758,24.3564058560515,156.561045910653,13688.300091100942
Holt,1.61341452897698,2.59543343748113,0.8487290146331681,10.822017124634302,70.04428035073975,6081.973624044476
ES,1.5955610606752844,2.534241459784128,0.8688335732093309,10.19726111057076,166.38714508522827,5730.860744140768
ARIMA,1.5692391128151704,2.550422134553755,0.8356285674293203,15.397177305572807,99.4843445559884,8653.213645731917
SARIMAX,1.6108954666471365,2.5138758882799497,0.9609286467200712,4.268119119358547,34.93816882429066,2398.6829450795035
