{"max_speed_kmh": 200.0, "spatial_radius_km": 0.3, "tdf.shape[0]": 18330.0, "f_tdf.shape[0]": 17433.0, "fc_tdf.shape[0]": 5495.0, "fcu_tdf.shape[0]": 5481.0, "n_train_orig": 1224.0, "n_test_orig": 57.0, "n_dims_orig": 13.0, "n_train_PM": 2132.0, "n_test_PM": 915.0, "n_dims_PM": 13.0, "n_train_PM_comp": 1252.0, "n_test_PM_comp": 29.0, "n_dims_PM_comp": 13.0, "mean_lat": 47.28583212794724, "mean_long": -122.51111819302126, "std_lat": 0.07358869259423755, "std_long": 0.18586243554716259, "init_lengthscale": 34.025579536370905, "init_period_len_1": 1440.0, "init_period_len_2": 10080.0, "log_ll": 444.0044900785508, "m": 47.0, "bic": -552.7815952290796, "bics_PM": [