{"max_speed_kmh": 400.0, "spatial_radius_km": 0.3, "bin_len": 1440.0, "tdf.shape[0]": 6922.0, "f_tdf.shape[0]": 6652.0, "fc_tdf.shape[0]": 1637.0, "fcu_tdf.shape[0]": 1601.0, "curr_ocp": 0.9166666666666666, "target_ocp": 0.8, "new_ocp": 0.8, "n_train": 1190.0, "n_test": 207.0, "n_dims": 13.0, "mean_lat": 47.626405040631155, "mean_long": -122.22939528584433, "std_lat": 0.10542729302768238, "std_long": 0.21773985952199718, "init_lengthscale": 35.99201009251472, "init_period_len_1": 1440.0, "init_period_len_2": 10080.0, "log_ll": -1390.443626187719, "m": 23.0, "bic": 2943.7665498558663, "gp_runtime": 13.690935850143433, "ses_smoothing_level": 0.9999999850988388, "holt_smoothing_level_lat": 0.9999999850988388, "holt_smoothing_slope_lat": 0.13617977310631338, "holt_smoothing_level_lon": 0.9999999850988388, "holt_smoothing_slope_lon": 0.011619585657329307, "holt_damping_slope_lat": 0.8, "holt_damping_slope_lon": 0.8000000000000035, "es_seasonal_periods": 24.0, "es_smoothing_level_lat": 0.9999999850988375, "es_smoothing_slope_lat": 0.13919730381507808, "es_smoothing_level_lon": 0.9999999850988388, "es_smoothing_slope_lon": 0.013826387218103593, "es_damping_slope_lat": 0.8, "es_damping_slope_lon": 0.8000000000000016, "arima_order": [2, 0, 1], "sarimax_order": null, "sarimax_seasonal_order": null}