{"max_speed_kmh": 200.0, "spatial_radius_km": 0.3, "tdf.shape[0]": 12255.0, "f_tdf.shape[0]": 11696.0, "fc_tdf.shape[0]": 2005.0, "fcu_tdf.shape[0]": 1992.0, "n_train_orig": 428.0, "n_test_orig": 144.0, "n_dims_orig": 13.0, "n_train_PM": 649.0, "n_test_PM": 279.0, "n_dims_PM": 13.0, "n_train_PM_comp": 500.0, "n_test_PM_comp": 72.0, "n_dims_PM_comp": 13.0, "mean_lat": 47.526783500929696, "mean_long": -122.28853027053908, "std_lat": 0.06291585197310622, "std_long": 0.0378946087180041, "init_lengthscale": 82.27955911823648, "init_period_len_1": 1440.0, "init_period_len_2": 10080.0, "log_ll": 22.245337766552325, "m": 47.0, "bic": 247.59590509273835, "bics_PM": [