{"max_speed_kmh": 400.0, "spatial_radius_km": 0.3, "bin_len": 360.0, "tdf.shape[0]": 5848.0, "f_tdf.shape[0]": 5431.0, "fc_tdf.shape[0]": 1186.0, "fcu_tdf.shape[0]": 1182.0, "curr_ocp": 0.42677824267782427, "target_ocp": 0.3, "new_ocp": 0.29914529914529914, "n_train": 789.0, "n_test": 339.0, "n_dims": 13.0, "mean_lat": 47.561940362919835, "mean_long": -122.2931361340106, "std_lat": 0.0843171999441532, "std_long": 0.03462171269092341, "init_lengthscale": 53.4498730964467, "init_period_len_1": 1440.0, "init_period_len_2": 10080.0, "log_ll": -1120.6912749100493, "m": 23.0, "bic": 2394.8101751995537, "gp_runtime": 3.3264122009277344, "ses_smoothing_level": 0.9999999850787764, "holt_smoothing_level_lat": 0.9999999850988388, "holt_smoothing_slope_lat": 0.37358413530839996, "holt_smoothing_level_lon": 0.9999999849179868, "holt_smoothing_slope_lon": 0.0, "holt_damping_slope_lat": 0.8, "holt_damping_slope_lon": 0.8000000204449675, "es_seasonal_periods": 24.0, "es_smoothing_level_lat": 0.999999985098785, "es_smoothing_slope_lat": 0.3747429531352806, "es_smoothing_level_lon": 0.9999999850988388, "es_smoothing_slope_lon": 1.6177232380894423e-12, "es_damping_slope_lat": 0.8, "es_damping_slope_lon": 0.8000000000158474, "arima_order": [2, 0, 1], "sarimax_order": null, "sarimax_seasonal_order": null}