{"max_speed_kmh": 400.0, "spatial_radius_km": 0.3, "bin_len": 10080.0, "tdf.shape[0]": 13694.0, "f_tdf.shape[0]": 13566.0, "fc_tdf.shape[0]": 1775.0, "fcu_tdf.shape[0]": 1770.0, "curr_ocp": 1.0, "target_ocp": 0.5, "new_ocp": 0.5, "n_train": 714.0, "n_test": 758.0, "n_dims": 13.0, "mean_lat": 47.9246570492912, "mean_long": -122.19840413050731, "std_lat": 0.04622257511969745, "std_long": 0.047211624809420254, "init_lengthscale": 56.54838709677419, "init_period_len_1": 1440.0, "init_period_len_2": 10080.0, "log_ll": -693.3205605786939, "m": 23.0, "bic": 1537.7714292911983, "gp_runtime": 3.611666202545166, "ses_smoothing_level": 0.9999999850988388, "holt_smoothing_level_lat": 0.9999999850988363, "holt_smoothing_slope_lat": 0.37898697634355744, "holt_smoothing_level_lon": 0.9999999850988381, "holt_smoothing_slope_lon": 0.5207592289515329, "holt_damping_slope_lat": 0.8000000000000015, "holt_damping_slope_lon": 0.8, "es_seasonal_periods": 24.0, "es_smoothing_level_lat": 0.9999999850988388, "es_smoothing_slope_lat": 0.35138085846182254, "es_smoothing_level_lon": 0.9999999850988197, "es_smoothing_slope_lon": 0.509798889130248, "es_damping_slope_lat": 0.8000000000000175, "es_damping_slope_lon": 0.8, "arima_order": [2, 0, 1], "sarimax_order": null, "sarimax_seasonal_order": null}