{"max_speed_kmh": 400.0, "spatial_radius_km": 0.3, "bin_len": 10080.0, "tdf.shape[0]": 16625.0, "f_tdf.shape[0]": 16070.0, "fc_tdf.shape[0]": 2992.0, "fcu_tdf.shape[0]": 2958.0, "curr_ocp": 1.0, "target_ocp": 0.4, "new_ocp": 0.4, "n_train": 439.0, "n_test": 2037.0, "n_dims": 13.0, "mean_lat": 47.50678670113573, "mean_long": -122.41674922431397, "std_lat": 0.04397389542051765, "std_long": 0.052627018810816495, "init_lengthscale": 52.131278538812786, "init_period_len_1": 1440.0, "init_period_len_2": 10080.0, "log_ll": -607.4457116117783, "m": 23.0, "bic": 1354.8349097242856, "gp_runtime": 2.4902219772338867, "ses_smoothing_level": 0.9999999850985203, "holt_smoothing_level_lat": 0.9999999850988388, "holt_smoothing_slope_lat": 0.46231706641680353, "holt_smoothing_level_lon": 0.9999999850988388, "holt_smoothing_slope_lon": 0.1616250573660411, "holt_damping_slope_lat": 0.8, "holt_damping_slope_lon": 0.8, "es_seasonal_periods": 24.0, "es_smoothing_level_lat": 0.9999999850988388, "es_smoothing_slope_lat": 0.4375475528422263, "es_smoothing_level_lon": 0.9999999850988388, "es_smoothing_slope_lon": 0.1605187115625469, "es_damping_slope_lat": 0.8000000000001418, "es_damping_slope_lon": 0.8000000000000457, "arima_order": [2, 0, 2], "sarimax_order": null, "sarimax_seasonal_order": null}