{"max_speed_kmh": 200.0, "spatial_radius_km": 0.3, "bin_len": 5.0, "tdf.shape[0]": 2509.0, "f_tdf.shape[0]": 2424.0, "fc_tdf.shape[0]": 1395.0, "fcu_tdf.shape[0]": 1386.0, "curr_ocp": 0.047056853386921206, "target_ocp": 0.017463140028946278, "new_ocp": 0.017436939224648722, "n_train": 459.0, "n_test": 766.0, "n_dims": 13.0, "mean_lat": 47.6327758173126, "mean_long": -122.33998529787924, "std_lat": 0.029428491777213007, "std_long": 0.0319304502290061, "init_lengthscale": 64.4825327510917, "init_period_len_1": 1440.0, "init_period_len_2": 10080.0, "log_ll": -602.8580488247376, "m": 23.0, "bic": 1346.6842524808676, "gp_runtime": 2.4394843578338623, "ses_smoothing_level": 0.9999999850988388, "holt_smoothing_level_lat": 0.9999999850988388, "holt_smoothing_slope_lat": 0.0, "holt_smoothing_level_lon": 0.9999999850370067, "holt_smoothing_slope_lon": 1.191956896882978e-10, "holt_damping_slope_lat": 0.9355156130616713, "holt_damping_slope_lon": 0.9716380397411134, "es_seasonal_periods": 24.0, "es_smoothing_level_lat": 0.9999999850978766, "es_smoothing_slope_lat": 4.304332941798343e-12, "es_smoothing_level_lon": 0.9999999850988388, "es_smoothing_slope_lon": 0.0, "es_damping_slope_lat": 0.9359122678451812, "es_damping_slope_lon": 0.9606795787606267, "arima_order": [0, 1, 0], "sarimax_order": null, "sarimax_seasonal_order": null}