{"max_speed_kmh": 200.0, "spatial_radius_km": 0.3, "bin_len": 5.0, "tdf.shape[0]": 19685.0, "f_tdf.shape[0]": 19597.0, "fc_tdf.shape[0]": 5631.0, "fcu_tdf.shape[0]": 5370.0, "curr_ocp": 0.08994214248144468, "target_ocp": 0.02159663284157637, "new_ocp": 0.02157011749576197, "n_train": 1039.0, "n_test": 3360.0, "n_dims": 13.0, "mean_lat": 47.221822590650845, "mean_long": -122.45396797280523, "std_lat": 0.06779838967531965, "std_long": 0.08261801170959679, "init_lengthscale": 41.201348747591524, "init_period_len_1": 1440.0, "init_period_len_2": 10080.0, "log_ll": -1213.9485265760131, "m": 23.0, "bic": 2587.6553749473087, "gp_runtime": 14.258049964904785, "ses_smoothing_level": 0.9999999850988366, "holt_smoothing_level_lat": 0.9999999850808534, "holt_smoothing_slope_lat": 0.0, "holt_smoothing_level_lon": 0.9999999850988388, "holt_smoothing_slope_lon": 1.2625637371171574e-11, "holt_damping_slope_lat": 0.8846257553788468, "holt_damping_slope_lon": 0.8388813197547051, "es_seasonal_periods": 24.0, "es_smoothing_level_lat": 0.9999999850980478, "es_smoothing_slope_lat": 1.0885779072942353e-10, "es_smoothing_level_lon": 0.9999999850988388, "es_smoothing_slope_lon": 0.0, "es_damping_slope_lat": 0.8759714445752362, "es_damping_slope_lon": 0.8406492841586137, "arima_order": [2, 0, 0], "sarimax_order": null, "sarimax_seasonal_order": null}