{"max_speed_kmh": 200.0, "spatial_radius_km": 0.3, "tdf.shape[0]": 24016.0, "f_tdf.shape[0]": 23765.0, "fc_tdf.shape[0]": 3866.0, "fcu_tdf.shape[0]": 3865.0, "n_train_orig": 918.0, "n_test_orig": 77.0, "n_dims_orig": 13.0, "n_train_PM": 1359.0, "n_test_PM": 583.0, "n_dims_PM": 13.0, "n_train_PM_comp": 956.0, "n_test_PM_comp": 39.0, "n_dims_PM_comp": 13.0, "mean_lat": 47.811461482608806, "mean_long": -122.2222525895749, "std_lat": 0.11922379556991025, "std_long": 0.04235206308092773, "init_lengthscale": 44.50994764397906, "init_period_len_1": 1440.0, "init_period_len_2": 10080.0, "log_ll": 448.4385779867159, "m": 47.0, "bic": -574.327534060016, "bics_PM": [