model,MAE,RMSE,MAD,MAPE,MAXAPE,TAPE,PCM,DF,AREA,CL,DTW,MSE
MTGP_Comp,0.21401084475946658,0.9658229600576267,0.33466329647908866,2.2868876987552995,152.27099383410328,1129.722523185118,34.46583724709693,2.9848985566265833,28174.370359910507,,211.44271462235298,0.23320349754361902
MTGP_RBF,0.41978634475546256,1.4603829929637957,1.0606253464309396,566.6963688387596,2197.9446199684153,279948.0062063472,,2.847901776872975,67081.85362432056,105.69896488115424,414.74890861839685,0.5331796215344735
SES,0.47970497788861344,1.764324722581669,1.3332829864237674,2.6884328098487815,9.701098879718838,1328.085808065298,427.87833805282906,2.9263091925061406,64271.62413048083,,473.9485181539502,0.7782104316782208
Holt,0.5610187612236524,2.026926246686206,1.5435312385915059,3.2873889860693977,12.289205846420575,1623.9701591182825,343.0083932011304,3.1685203821890093,78730.51021240302,,554.2865360889687,1.0271075023763578
ES,0.550290652820036,1.9909870050033402,1.4929939138701998,3.7789696152834473,19.339594264207165,1866.8109899500228,275.0042946432318,3.257753601397481,77486.10362248338,,543.6871649861956,0.9910073135230427
ARIMA,0.41940513538884383,1.4586292962628813,1.0749009876904234,619.6216065174777,2427.382067861669,306093.07361963403,238.06758315594809,2.8364127240256547,67342.6820450853,,414.37227376417786,0.5318998559790872
SARIMAX,0.41973707994864196,1.4591919075535524,1.0700313895593208,inf,inf,inf,,2.8423666712051157,67034.35951106004,inf,414.70023498925855,0.5323102557674437
