{"max_speed_kmh": 400.0, "spatial_radius_km": 0.3, "bin_len": 30.0, "tdf.shape[0]": 8013.0, "f_tdf.shape[0]": 7871.0, "fc_tdf.shape[0]": 4114.0, "fcu_tdf.shape[0]": 4103.0, "curr_ocp": 0.14859287054409007, "target_ocp": 0.1, "new_ocp": 0.099812382739212, "n_train": 2294.0, "n_test": 1112.0, "n_dims": 13.0, "mean_lat": 47.372444573690025, "mean_long": -122.31016681915716, "std_lat": 0.11145565459398854, "std_long": 0.04494380672534518, "init_lengthscale": 17.427605756650674, "init_period_len_1": 1440.0, "init_period_len_2": 10080.0, "log_ll": -3215.580405928404, "m": 23.0, "bic": 6609.136014703663, "gp_runtime": 130.26204228401184, "ses_smoothing_level": 0.9999999850987256, "holt_smoothing_level_lat": 0.9999999631603368, "holt_smoothing_slope_lat": 1.7140787387655133e-09, "holt_smoothing_level_lon": 0.9999999850988388, "holt_smoothing_slope_lon": 0.10521511945144083, "holt_damping_slope_lat": 0.9856758067834677, "holt_damping_slope_lon": 0.8, "es_seasonal_periods": 24.0, "es_smoothing_level_lat": 0.9999999850897571, "es_smoothing_slope_lat": 0.0, "es_smoothing_level_lon": 0.9999999850792359, "es_smoothing_slope_lon": 0.10896629857860934, "es_damping_slope_lat": 0.9861500927813875, "es_damping_slope_lon": 0.8000000000473338, "arima_order": [2, 0, 2], "sarimax_order": null, "sarimax_seasonal_order": null}