{"max_speed_kmh": 400.0, "spatial_radius_km": 0.3, "bin_len": 1440.0, "tdf.shape[0]": 10299.0, "f_tdf.shape[0]": 10193.0, "fc_tdf.shape[0]": 3014.0, "fcu_tdf.shape[0]": 2976.0, "curr_ocp": 0.9, "target_ocp": 0.3, "new_ocp": 0.27586206896551724, "n_train": 607.0, "n_test": 1887.0, "n_dims": 13.0, "mean_lat": 47.73613017458347, "mean_long": -122.30822766032354, "std_lat": 0.06324270167680562, "std_long": 0.05144657329830827, "init_lengthscale": 68.78547854785478, "init_period_len_1": 1440.0, "init_period_len_2": 10080.0, "log_ll": -844.8020187519478, "m": 23.0, "bic": 1837.0001996982642, "gp_runtime": 3.487852096557617, "ses_smoothing_level": 0.9999999850988388, "holt_smoothing_level_lat": 0.9665138295771882, "holt_smoothing_slope_lat": 0.32594667269992994, "holt_smoothing_level_lon": 0.9999999850988388, "holt_smoothing_slope_lon": 0.35263782490152207, "holt_damping_slope_lat": 0.8, "holt_damping_slope_lon": 0.8, "es_seasonal_periods": 24.0, "es_smoothing_level_lat": 0.9460887581756894, "es_smoothing_slope_lat": 0.3500106578257598, "es_smoothing_level_lon": 0.9999999850988387, "es_smoothing_slope_lon": 0.3645165821239656, "es_damping_slope_lat": 0.800000000000269, "es_damping_slope_lon": 0.8000000000000002, "arima_order": [2, 0, 1], "sarimax_order": null, "sarimax_seasonal_order": null}