model,MAE,RMSE,MAD,MAPE,MAXAPE,TAPE,PCM,DF,AREA,CL,DTW,MSE
MTGP_Comp,0.19855373718771807,0.7452226196129672,0.5129048451747328,4.361430430076044,79.72096516707322,1016.2132902077183,14.933043769530931,2.8081047158233448,24644.142776343448,,92.52604152947657,0.1388391881957033
MTGP_RBF,0.20758822098048,0.73006442188468,0.46124127240082363,89.57153673474288,297.91151612065414,20870.16805919509,,1.3813037385549747,22882.168102273477,,96.73611097690372,0.133248515025453
SES,0.199542487957589,0.7103830268892458,0.4920653978274529,4.410318034800896,14.767490566350162,1027.6041021086087,124.93683051897025,1.4732454690488344,16560.799969758897,,92.98679938823652,0.12616101122308174
Holt,0.1994187483714227,0.7100665227117735,0.4915151354647272,4.410371393899046,14.768812558075906,1027.6165347784777,121.48374352139646,1.4727842430755884,16565.92341653365,,92.92913674108297,0.12604861666899736
ES,0.189334924129187,0.6845088941006419,0.4578044181887515,11.53537748439784,250.10811885948098,2687.7429538646966,81.28464679653506,1.4331650610325721,16994.10163397323,,88.23007464420117,0.11713810652572094
ARIMA,0.19678753469108112,0.7043534932196873,0.46481305822934094,5.708193119936256,19.23850735498664,1330.0089969451476,110.23891128561691,1.4678408441913438,16666.612730668065,,91.70299116604377,0.12402846085269402
SARIMAX,0.2077855132039916,0.7300131830666631,0.4618338028293125,inf,inf,inf,,1.3810477161154315,22898.261692348096,inf,96.82804915306008,0.13322981186278035
