{"max_speed_kmh": 400.0, "spatial_radius_km": 0.3, "bin_len": 30.0, "tdf.shape[0]": 6922.0, "f_tdf.shape[0]": 6652.0, "fc_tdf.shape[0]": 1637.0, "fcu_tdf.shape[0]": 1601.0, "curr_ocp": 0.10865755345250613, "target_ocp": 0.1, "new_ocp": 0.09992987377279103, "n_train": 1311.0, "n_test": 86.0, "n_dims": 13.0, "mean_lat": 47.628918303041274, "mean_long": -122.23675459810877, "std_lat": 0.11307170192335927, "std_long": 0.21123041323929423, "init_lengthscale": 32.652671755725194, "init_period_len_1": 1440.0, "init_period_len_2": 10080.0, "log_ll": -1682.7435059113109, "m": 23.0, "bic": 3530.593557949187, "gp_runtime": 24.314138889312744, "ses_smoothing_level": 0.9999999850988388, "holt_smoothing_level_lat": 0.9999999850988388, "holt_smoothing_slope_lat": 0.4578561573798844, "holt_smoothing_level_lon": 0.9677203470175509, "holt_smoothing_slope_lon": 0.0, "holt_damping_slope_lat": 0.8, "holt_damping_slope_lon": 0.8651075565949844, "es_seasonal_periods": 24.0, "es_smoothing_level_lat": 0.9999999850988388, "es_smoothing_slope_lat": 0.4552001281806867, "es_smoothing_level_lon": 0.9679733541377683, "es_smoothing_slope_lon": 0.0, "es_damping_slope_lat": 0.8000000000000351, "es_damping_slope_lon": 0.929118586325738, "arima_order": [2, 0, 1], "sarimax_order": null, "sarimax_seasonal_order": null}