{"max_speed_kmh": 200.0, "spatial_radius_km": 0.3, "tdf.shape[0]": 16040.0, "f_tdf.shape[0]": 15493.0, "fc_tdf.shape[0]": 7168.0, "fcu_tdf.shape[0]": 7142.0, "n_train_orig": 2386.0, "n_test_orig": 67.0, "n_dims_orig": 13.0, "n_train_PM": 2359.0, "n_test_PM": 1011.0, "n_dims_PM": 13.0, "n_train_PM_comp": 2419.0, "n_test_PM_comp": 34.0, "n_dims_PM_comp": 13.0, "mean_lat": 47.86602532912053, "mean_long": -122.12815432623727, "std_lat": 0.12381901999238105, "std_long": 0.04078183416505646, "init_lengthscale": 17.568238213399503, "init_period_len_1": 1440.0, "init_period_len_2": 10080.0, "log_ll": 483.68753833151004, "m": 47.0, "bic": -601.1929296643488, "bics_PM": [