{"max_speed_kmh": 400.0, "spatial_radius_km": 0.3, "bin_len": 15.0, "tdf.shape[0]": 8995.0, "f_tdf.shape[0]": 8720.0, "fc_tdf.shape[0]": 3242.0, "fcu_tdf.shape[0]": 3067.0, "curr_ocp": 0.11117836965294592, "target_ocp": 0.1, "new_ocp": 0.09987893462469734, "n_train": 2196.0, "n_test": 258.0, "n_dims": 13.0, "mean_lat": 47.931931466866246, "mean_long": -122.14379574845245, "std_lat": 0.07018731350839023, "std_long": 0.06065342530388418, "init_lengthscale": 16.930523917995444, "init_period_len_1": 1440.0, "init_period_len_2": 10080.0, "log_ll": -3096.0351070800875, "m": 23.0, "bic": 6369.0412486206515, "gp_runtime": 109.89458060264587, "ses_smoothing_level": 0.9999999850974877, "holt_smoothing_level_lat": 0.9999999850988388, "holt_smoothing_slope_lat": 0.16717022190884964, "holt_smoothing_level_lon": 0.9999999850937583, "holt_smoothing_slope_lon": 0.12331816808817252, "holt_damping_slope_lat": 0.8, "holt_damping_slope_lon": 0.8000000000025617, "es_seasonal_periods": 24.0, "es_smoothing_level_lat": 0.9999999850584621, "es_smoothing_slope_lat": 0.16894785001472054, "es_smoothing_level_lon": 0.9999999850953951, "es_smoothing_slope_lon": 0.12609836415821488, "es_damping_slope_lat": 0.8, "es_damping_slope_lon": 0.800000000017914, "arima_order": [2, 0, 1], "sarimax_order": null, "sarimax_seasonal_order": null}