{"max_speed_kmh": 400.0, "spatial_radius_km": 0.3, "bin_len": 360.0, "tdf.shape[0]": 12202.0, "f_tdf.shape[0]": 11904.0, "fc_tdf.shape[0]": 5190.0, "fcu_tdf.shape[0]": 4729.0, "curr_ocp": 0.5916666666666667, "target_ocp": 0.1, "new_ocp": 0.09623430962343096, "n_train": 537.0, "n_test": 3439.0, "n_dims": 13.0, "mean_lat": 47.59625411318669, "mean_long": -122.17165684058753, "std_lat": 0.048209521289901414, "std_long": 0.10237374245081782, "init_lengthscale": 80.01772388059702, "init_period_len_1": 1440.0, "init_period_len_2": 10080.0, "log_ll": -696.6955540860241, "m": 23.0, "bic": 1537.969064345752, "gp_runtime": 2.607542037963867, "ses_smoothing_level": 0.9939132677331577, "holt_smoothing_level_lat": 0.9916513794614747, "holt_smoothing_slope_lat": 0.0, "holt_smoothing_level_lon": 0.9999999850987965, "holt_smoothing_slope_lon": 0.10461087829917486, "holt_damping_slope_lat": 0.8769490601006239, "holt_damping_slope_lon": 0.8, "es_seasonal_periods": 24.0, "es_smoothing_level_lat": 0.9954615817717255, "es_smoothing_slope_lat": 7.736643106765746e-14, "es_smoothing_level_lon": 0.9999999850988368, "es_smoothing_slope_lon": 0.11031423113135916, "es_damping_slope_lat": 0.8764191805026923, "es_damping_slope_lon": 0.8, "arima_order": [2, 0, 2], "sarimax_order": null, "sarimax_seasonal_order": null}