{"max_speed_kmh": 400.0, "spatial_radius_km": 0.3, "bin_len": 30.0, "tdf.shape[0]": 8551.0, "f_tdf.shape[0]": 8317.0, "fc_tdf.shape[0]": 3141.0, "fcu_tdf.shape[0]": 3141.0, "curr_ocp": 0.09020979020979021, "target_ocp": 0.03587633240890434, "new_ocp": 0.03556034482758621, "n_train": 735.0, "n_test": 1798.0, "n_dims": 13.0, "mean_lat": 48.038081816112616, "mean_long": -122.18535758782086, "std_lat": 0.07296282000834022, "std_long": 0.020088626583795503, "init_lengthscale": 56.88760217983651, "init_period_len_1": 1440.0, "init_period_len_2": 10080.0, "log_ll": -964.4341787349321, "m": 23.0, "bic": 2080.6653789517595, "gp_runtime": 6.880433082580566, "ses_smoothing_level": 0.999999985097072, "holt_smoothing_level_lat": 0.9999999850988388, "holt_smoothing_slope_lat": 0.0, "holt_smoothing_level_lon": 0.9999999850988388, "holt_smoothing_slope_lon": 0.0, "holt_damping_slope_lat": 0.903969647542993, "holt_damping_slope_lon": 0.8947557719917024, "es_seasonal_periods": 24.0, "es_smoothing_level_lat": 0.9999999850988388, "es_smoothing_slope_lat": 0.0, "es_smoothing_level_lon": 0.9999999850988388, "es_smoothing_slope_lon": 0.0, "es_damping_slope_lat": 0.8968001010117088, "es_damping_slope_lon": 0.8977121239296048, "arima_order": [2, 0, 2], "sarimax_order": null, "sarimax_seasonal_order": null}