{"max_speed_kmh": 400.0, "spatial_radius_km": 0.3, "bin_len": 360.0, "tdf.shape[0]": 2509.0, "f_tdf.shape[0]": 2429.0, "fc_tdf.shape[0]": 1396.0, "fcu_tdf.shape[0]": 1387.0, "curr_ocp": 0.608433734939759, "target_ocp": 0.2, "new_ocp": 0.19879518072289157, "n_train": 445.0, "n_test": 780.0, "n_dims": 13.0, "mean_lat": 47.63387327529516, "mean_long": -122.34125869892468, "std_lat": 0.03331905652095427, "std_long": 0.03555451347295912, "init_lengthscale": 67.240990990991, "init_period_len_1": 1440.0, "init_period_len_2": 10080.0, "log_ll": -585.5545053637337, "m": 23.0, "bic": 1311.364719217291, "gp_runtime": 2.7581212520599365, "ses_smoothing_level": 0.9999999850986193, "holt_smoothing_level_lat": 0.9999999850984043, "holt_smoothing_slope_lat": 1.3656710053260325e-12, "holt_smoothing_level_lon": 0.9999999850988388, "holt_smoothing_slope_lon": 0.39412231350926846, "holt_damping_slope_lat": 0.9504640808055715, "holt_damping_slope_lon": 0.8000000000000053, "es_seasonal_periods": 24.0, "es_smoothing_level_lat": 0.9999999850988388, "es_smoothing_slope_lat": 0.0, "es_smoothing_level_lon": 0.9999999850988388, "es_smoothing_slope_lon": 0.39032317699565067, "es_damping_slope_lat": 0.9491398526491555, "es_damping_slope_lon": 0.8000000000001113, "arima_order": [0, 1, 1], "sarimax_order": null, "sarimax_seasonal_order": null}