{"max_speed_kmh": 400.0, "spatial_radius_km": 0.3, "bin_len": 360.0, "tdf.shape[0]": 9546.0, "f_tdf.shape[0]": 9089.0, "fc_tdf.shape[0]": 3725.0, "fcu_tdf.shape[0]": 3720.0, "curr_ocp": 0.5564853556485355, "target_ocp": 0.4, "new_ocp": 0.39914163090128757, "n_train": 1922.0, "n_test": 1183.0, "n_dims": 13.0, "mean_lat": 47.58825450694288, "mean_long": -122.02705613540024, "std_lat": 0.028061863403253715, "std_long": 0.046505813374688, "init_lengthscale": 21.830557001561687, "init_period_len_1": 1440.0, "init_period_len_2": 10080.0, "log_ll": -2648.2739973949683, "m": 23.0, "bic": 5470.453791349132, "gp_runtime": 83.11987280845642, "ses_smoothing_level": 0.9999999850988388, "holt_smoothing_level_lat": 0.9999999850988388, "holt_smoothing_slope_lat": 0.27467885871885567, "holt_smoothing_level_lon": 0.9999999850988007, "holt_smoothing_slope_lon": 0.24739647427028755, "holt_damping_slope_lat": 0.8, "holt_damping_slope_lon": 0.8, "es_seasonal_periods": 24.0, "es_smoothing_level_lat": 0.9999999850988073, "es_smoothing_slope_lat": 0.27597261613939, "es_smoothing_level_lon": 0.9999999850988388, "es_smoothing_slope_lon": 0.25014505772330187, "es_damping_slope_lat": 0.8, "es_damping_slope_lon": 0.8000000000003166, "arima_order": [2, 0, 1], "sarimax_order": null, "sarimax_seasonal_order": null}