{"max_speed_kmh": 400.0, "spatial_radius_km": 0.3, "bin_len": 360.0, "tdf.shape[0]": 12998.0, "f_tdf.shape[0]": 12989.0, "fc_tdf.shape[0]": 4175.0, "fcu_tdf.shape[0]": 4162.0, "curr_ocp": 0.6176470588235294, "target_ocp": 0.5, "new_ocp": 0.5, "n_train": 2812.0, "n_test": 626.0, "n_dims": 13.0, "mean_lat": 47.470961521260485, "mean_long": -122.2883637487985, "std_lat": 0.11296942064982302, "std_long": 0.11703311890620464, "init_lengthscale": 13.011205976520811, "init_period_len_1": 1440.0, "init_period_len_2": 10080.0, "log_ll": -3990.545296650154, "m": 23.0, "bic": 8163.748572117711, "gp_runtime": 213.03501653671265, "ses_smoothing_level": 0.9999999850988388, "holt_smoothing_level_lat": 0.9920279586109907, "holt_smoothing_slope_lat": 0.38061941171669134, "holt_smoothing_level_lon": 0.99911797089586, "holt_smoothing_slope_lon": 0.28665611961136345, "holt_damping_slope_lat": 0.8000000000000006, "holt_damping_slope_lon": 0.8000000000000005, "es_seasonal_periods": 24.0, "es_smoothing_level_lat": 0.9999999850988388, "es_smoothing_slope_lat": 0.36915642819714345, "es_smoothing_level_lon": 0.9989195021440667, "es_smoothing_slope_lon": 0.28590352373253236, "es_damping_slope_lat": 0.8000000000000003, "es_damping_slope_lon": 0.8000000000000065, "arima_order": [2, 0, 1], "sarimax_order": null, "sarimax_seasonal_order": null}