{"max_speed_kmh": 200.0, "spatial_radius_km": 0.3, "tdf.shape[0]": 9553.0, "f_tdf.shape[0]": 9411.0, "fc_tdf.shape[0]": 1061.0, "fcu_tdf.shape[0]": 1058.0, "n_train_orig": 182.0, "n_test_orig": 52.0, "n_dims_orig": 13.0, "n_train_PM": 552.0, "n_test_PM": 237.0, "n_dims_PM": 13.0, "n_train_PM_comp": 208.0, "n_test_PM_comp": 26.0, "n_dims_PM_comp": 13.0, "mean_lat": 47.5919676880925, "mean_long": -122.31006667216046, "std_lat": 0.08684990481581864, "std_long": 0.06468193098606106, "init_lengthscale": 196.96376811594203, "init_period_len_1": 1440.0, "init_period_len_2": 10080.0, "log_ll": 0.026664438332431928, "m": 47.0, "bic": 250.81096086929708, "bics_PM": [