model,MAE,RMSE,MAD,MAPE,MAXAPE,TAPE,PCM,DF,AREA,CL,DTW,MSE
MTGP_Comp,0.4797507112268862,2.090765424915016,0.7894258743415965,31.36217092962207,12423.029305364182,19789.529856591525,57.4366700443892,6.113209039194475,36249.36698743354,65.83125658811127,605.4453975683307,1.0928250155050168
MTGP_RBF,0.3280767136870254,1.4566684552921227,0.6861664569340397,388.1416051302121,2065.172987099515,244917.3528371638,,4.921405317237398,32043.970798971503,,414.03281267302566,0.5304707471607847
SES,0.2627716175384467,1.5051771901890545,0.34140281654962135,1.4867033226148831,15.57753994982477,938.1097965699912,,4.942116883658698,17305.35019476205,,331.61778133351936,0.5663895934663543
Holt,0.28948202848666876,1.5234304238671152,0.44309838628252685,1.518582684177086,16.438796866378333,958.2256737157413,,4.940308487868348,20318.070352633782,,365.3263199501758,0.5802100640909846
ES,0.2930951255897456,1.5222777541183004,0.46266422965236054,1.5709620718592994,17.629164955747566,991.2770673432179,3976.441791008773,4.936476572545188,20945.955989407466,,369.88604849425906,0.5793323901708641
ARIMA,0.3258731132210304,1.4557656691276624,0.6754316426117897,653.863676785475,3904.0579179643573,412587.9800516348,,4.928696050010492,31803.931124750503,,411.2518688849406,0.5298134208526775
SARIMAX,0.3254925288904722,1.4557233130325333,0.6734988400042261,inf,inf,inf,,4.930691122543731,31763.70327971363,inf,410.7715714597756,0.5297825910266037
