{"max_speed_kmh": 200.0, "spatial_radius_km": 0.3, "bin_len": 60.0, "tdf.shape[0]": 9002.0, "f_tdf.shape[0]": 8855.0, "fc_tdf.shape[0]": 571.0, "fcu_tdf.shape[0]": 561.0, "curr_ocp": 0.10357142857142858, "target_ocp": 0.1, "new_ocp": 0.1, "n_train": 489.0, "n_test": 8.0, "n_dims": 13.0, "mean_lat": 47.579747331946976, "mean_long": -122.08659784051237, "std_lat": 0.05331982121095977, "std_long": 0.0960129179545485, "init_lengthscale": 86.04303278688525, "init_period_len_1": 1440.0, "init_period_len_2": 10080.0, "log_ll": -692.1030335188743, "m": 23.0, "bic": 1526.6304042956708, "gp_runtime": 0.8370718955993652, "ses_smoothing_level": 0.9999999850988388, "holt_smoothing_level_lat": 0.9999999850986815, "holt_smoothing_slope_lat": 0.6602106039765981, "holt_smoothing_level_lon": 0.9999999850988378, "holt_smoothing_slope_lon": 0.14675018927794276, "holt_damping_slope_lat": 0.8000000000001912, "holt_damping_slope_lon": 0.8272215620945951, "es_seasonal_periods": 24.0, "es_smoothing_level_lat": 0.9999999850905962, "es_smoothing_slope_lat": 1.7054251156234069e-12, "es_smoothing_level_lon": 0.999999985098563, "es_smoothing_slope_lon": 0.14992654738437955, "es_damping_slope_lat": 0.8793747900550772, "es_damping_slope_lon": 0.832292171734618, "arima_order": [2, 1, 2], "sarimax_order": [2, 1, 2], "sarimax_seasonal_order": [0, 0, 0, 24]}