{"max_speed_kmh": 400.0, "spatial_radius_km": 0.3, "bin_len": 15.0, "tdf.shape[0]": 5242.0, "f_tdf.shape[0]": 5134.0, "fc_tdf.shape[0]": 1849.0, "fcu_tdf.shape[0]": 1846.0, "curr_ocp": 0.03766643307638402, "target_ocp": 0.020208392450017546, "new_ocp": 0.020003509387611862, "n_train": 591.0, "n_test": 882.0, "n_dims": 13.0, "mean_lat": 47.21221479505407, "mean_long": -122.26398638119977, "std_lat": 0.07382650519744882, "std_long": 0.10208678972127311, "init_lengthscale": 72.43983050847457, "init_period_len_1": 1440.0, "init_period_len_2": 10080.0, "log_ll": -838.3314858012678, "m": 23.0, "bic": 1823.444740002876, "gp_runtime": 4.259149551391602, "ses_smoothing_level": 0.9999999850987961, "holt_smoothing_level_lat": 0.999999981500041, "holt_smoothing_slope_lat": 0.10151464975925202, "holt_smoothing_level_lon": 0.9999999850988388, "holt_smoothing_slope_lon": 0.0, "holt_damping_slope_lat": 0.8000001369223647, "holt_damping_slope_lon": 0.9411825821687966, "es_seasonal_periods": 24.0, "es_smoothing_level_lat": 0.9999999850988388, "es_smoothing_slope_lat": 0.10665083312041401, "es_smoothing_level_lon": 0.9999999850988388, "es_smoothing_slope_lon": 0.0, "es_damping_slope_lat": 0.8000000000000022, "es_damping_slope_lon": 0.9346389231138476, "arima_order": [2, 0, 1], "sarimax_order": null, "sarimax_seasonal_order": null}