{"max_speed_kmh": 200.0, "spatial_radius_km": 0.3, "bin_len": 5.0, "tdf.shape[0]": 9546.0, "f_tdf.shape[0]": 9058.0, "fc_tdf.shape[0]": 3722.0, "fcu_tdf.shape[0]": 3717.0, "curr_ocp": 0.07175358767938397, "target_ocp": 0.06921155910478458, "new_ocp": 0.06918679267296698, "n_train": 2999.0, "n_test": 106.0, "n_dims": 13.0, "mean_lat": 47.57812233642269, "mean_long": -122.02948619281557, "std_lat": 0.09075218609522988, "std_long": 0.11562207963755844, "init_lengthscale": 14.293862575050033, "init_period_len_1": 1440.0, "init_period_len_2": 10080.0, "log_ll": -4191.438823337821, "m": 23.0, "bic": 8567.01643278687, "gp_runtime": 182.95841598510742, "ses_smoothing_level": 0.9999999850853403, "holt_smoothing_level_lat": 0.9999999850988387, "holt_smoothing_slope_lat": 0.6385973699608871, "holt_smoothing_level_lon": 0.9999999850988388, "holt_smoothing_slope_lon": 0.4735569572647189, "holt_damping_slope_lat": 0.8, "holt_damping_slope_lon": 0.8000000000000007, "es_seasonal_periods": 24.0, "es_smoothing_level_lat": 0.999999985098822, "es_smoothing_slope_lat": 0.640796087325302, "es_smoothing_level_lon": 0.9999999850987411, "es_smoothing_slope_lon": 0.4755109832519851, "es_damping_slope_lat": 0.8000000000000116, "es_damping_slope_lon": 0.8000000000000035, "arima_order": [2, 0, 2], "sarimax_order": null, "sarimax_seasonal_order": null}