{"max_speed_kmh": 200.0, "spatial_radius_km": 0.3, "tdf.shape[0]": 12202.0, "f_tdf.shape[0]": 11841.0, "fc_tdf.shape[0]": 5166.0, "fcu_tdf.shape[0]": 4705.0, "n_train_orig": 1056.0, "n_test_orig": 708.0, "n_dims_orig": 13.0, "n_train_PM": 2035.0, "n_test_PM": 873.0, "n_dims_PM": 13.0, "n_train_PM_comp": 1410.0, "n_test_PM_comp": 354.0, "n_dims_PM_comp": 13.0, "mean_lat": 47.58101694332059, "mean_long": -122.09797858217044, "std_lat": 0.06094478045505959, "std_long": 0.14293854165426453, "init_lengthscale": 30.18488289567069, "init_period_len_1": 1440.0, "init_period_len_2": 10080.0, "log_ll": -13.981767823387374, "m": 47.0, "bic": 368.7767498652688, "bics_PM": [