{"max_speed_kmh": 400.0, "spatial_radius_km": 0.3, "bin_len": 30.0, "tdf.shape[0]": 12255.0, "f_tdf.shape[0]": 11883.0, "fc_tdf.shape[0]": 2015.0, "fcu_tdf.shape[0]": 2002.0, "curr_ocp": 0.07721872816212438, "target_ocp": 0.029231574958383466, "new_ocp": 0.029000698812019568, "n_train": 501.0, "n_test": 854.0, "n_dims": 13.0, "mean_lat": 47.516075556490534, "mean_long": -122.29074848414695, "std_lat": 0.06333837124965976, "std_long": 0.030485485070401216, "init_lengthscale": 85.83, "init_period_len_1": 1440.0, "init_period_len_2": 10080.0, "log_ll": -670.7528415204979, "m": 23.0, "bic": 1484.4876233659477, "gp_runtime": 2.923790693283081, "ses_smoothing_level": 0.9999999850988388, "holt_smoothing_level_lat": 0.9999999850988388, "holt_smoothing_slope_lat": 1.6532895012521918e-10, "holt_smoothing_level_lon": 0.9999999850029716, "holt_smoothing_slope_lon": 0.0, "holt_damping_slope_lat": 0.9665766062154391, "holt_damping_slope_lon": 0.988708565504723, "es_seasonal_periods": 24.0, "es_smoothing_level_lat": 0.9999999850988388, "es_smoothing_slope_lat": 0.0, "es_smoothing_level_lon": 0.9999999850762008, "es_smoothing_slope_lon": 5.454160330496217e-10, "es_damping_slope_lat": 0.9673800035469308, "es_damping_slope_lon": 0.9895743351250542, "arima_order": [2, 0, 1], "sarimax_order": null, "sarimax_seasonal_order": null}