{"max_speed_kmh": 200.0, "spatial_radius_km": 0.3, "tdf.shape[0]": 10753.0, "f_tdf.shape[0]": 10719.0, "fc_tdf.shape[0]": 7540.0, "fcu_tdf.shape[0]": 3376.0, "n_train_orig": 528.0, "n_test_orig": 636.0, "n_dims_orig": 13.0, "n_train_PM": 1993.0, "n_test_PM": 855.0, "n_dims_PM": 13.0, "n_train_PM_comp": 846.0, "n_test_PM_comp": 318.0, "n_dims_PM_comp": 13.0, "mean_lat": 47.892496904855456, "mean_long": -122.23054761068907, "std_lat": 0.05023813845996077, "std_long": 0.02198868203672077, "init_lengthscale": 50.37041420118343, "init_period_len_1": 1440.0, "init_period_len_2": 10080.0, "log_ll": -457.3097576578702, "m": 47.0, "bic": 1231.4239252172329, "bics_PM": [