{"max_speed_kmh": 400.0, "spatial_radius_km": 0.3, "bin_len": 15.0, "tdf.shape[0]": 6171.0, "f_tdf.shape[0]": 6052.0, "fc_tdf.shape[0]": 2004.0, "fcu_tdf.shape[0]": 2001.0, "curr_ocp": 0.05385556915544676, "target_ocp": 0.04685163238525347, "new_ocp": 0.04668648365098794, "n_train": 1443.0, "n_test": 220.0, "n_dims": 13.0, "mean_lat": 47.825572146902275, "mean_long": -122.21902008660106, "std_lat": 0.10824346721176158, "std_long": 0.06417372970356605, "init_lengthscale": 29.74375866851595, "init_period_len_1": 1440.0, "init_period_len_2": 10080.0, "log_ll": -1884.5092229387913, "m": 23.0, "bic": 3936.3314757293815, "gp_runtime": 22.708462238311768, "ses_smoothing_level": 0.9999999850987363, "holt_smoothing_level_lat": 0.9999999850988388, "holt_smoothing_slope_lat": 0.337902850175334, "holt_smoothing_level_lon": 0.9999999850988085, "holt_smoothing_slope_lon": 0.21742403402746174, "holt_damping_slope_lat": 0.8143642447511574, "holt_damping_slope_lon": 0.8, "es_seasonal_periods": 24.0, "es_smoothing_level_lat": 0.9999999850988388, "es_smoothing_slope_lat": 0.34015611933848894, "es_smoothing_level_lon": 0.9999999850988388, "es_smoothing_slope_lon": 0.21722045539679222, "es_damping_slope_lat": 0.8154319554594429, "es_damping_slope_lon": 0.8000000000000012, "arima_order": [2, 0, 2], "sarimax_order": null, "sarimax_seasonal_order": null}