model,MAE,RMSE,MAD,MAPE,MAXAPE,TAPE,PCM,DF,AREA,CL,DTW,MSE
MTGP_Comp,0.2500567857615169,1.1515636144213912,0.32457586393200977,3.437010937581232,208.99818634140465,756.1424062678711,14.781284366681586,3.188079878376292,40357.72543420752,,110.02498573506745,0.3315246895148146
MTGP_RBF,0.4133763540766573,1.9048389559222807,0.7562375971291251,116.03499257482002,804.6504810743342,25527.698366460405,,5.262134979748698,44787.72478346439,58.28487178368921,181.88559579372924,0.9071028619997712
SES,0.4289529414507173,2.1930548704749557,0.678787113697651,2.3635404675068012,17.896470342454823,519.9789028514962,,5.784040735248111,34608.71506470557,15.882777477819968,188.73929423831555,1.2023724162284815
Holt,0.4698708088013787,2.274753056066195,0.7883653089641584,2.117802082840597,14.583152415272945,465.9164582249312,,5.891276101654256,40301.39082214821,14.803587822388812,206.74315587260662,1.2936253665206232
ES,0.45601859114826226,2.253599016991899,0.7365149810182089,2.17043663377124,16.576257173849157,477.4960594296728,774.8752671257365,5.8438000909923975,38236.60500511761,17.89048186911257,200.64818010523547,1.2696771323467135
ARIMA,0.4102216026135643,1.9078798673363302,0.7445920435054907,54.44979467249623,328.2854247287992,11978.954827949174,,5.274528646590386,43963.18473541515,47.604626282403885,180.49750514996833,0.9100013970468234
SARIMAX,0.414489219797829,1.9014596803221873,0.7695843877429829,inf,inf,inf,,5.250491167305057,45324.60011104387,inf,182.3752567110447,0.9038872289727387
