{"max_speed_kmh": 400.0, "spatial_radius_km": 0.3, "bin_len": 10080.0, "tdf.shape[0]": 9268.0, "f_tdf.shape[0]": 9147.0, "fc_tdf.shape[0]": 2363.0, "fcu_tdf.shape[0]": 2354.0, "curr_ocp": 1.0, "target_ocp": 0.9, "new_ocp": 0.6666666666666666, "n_train": 821.0, "n_test": 1066.0, "n_dims": 13.0, "mean_lat": 47.12975436967113, "mean_long": -122.44066813337393, "std_lat": 0.0372341787931081, "std_long": 0.07935500536284447, "init_lengthscale": 16.933536585365854, "init_period_len_1": 1440.0, "init_period_len_2": 10080.0, "log_ll": -1146.556459033527, "m": 23.0, "bic": 2447.45494958446, "gp_runtime": 6.577778100967407, "ses_smoothing_level": 0.9999999850988388, "holt_smoothing_level_lat": 0.9999999850988386, "holt_smoothing_slope_lat": 0.5966791445132106, "holt_smoothing_level_lon": 0.9999999850988384, "holt_smoothing_slope_lon": 0.5556134655860884, "holt_damping_slope_lat": 0.8, "holt_damping_slope_lon": 0.8, "es_seasonal_periods": 24.0, "es_smoothing_level_lat": 0.9999999850988388, "es_smoothing_slope_lat": 0.5930231134696227, "es_smoothing_level_lon": 0.9999999850988387, "es_smoothing_slope_lon": 0.5577035253181751, "es_damping_slope_lat": 0.8000000000000154, "es_damping_slope_lon": 0.8, "arima_order": [2, 0, 2], "sarimax_order": null, "sarimax_seasonal_order": null}