{"max_speed_kmh": 200.0, "spatial_radius_km": 0.3, "tdf.shape[0]": 5328.0, "f_tdf.shape[0]": 5143.0, "fc_tdf.shape[0]": 1316.0, "fcu_tdf.shape[0]": 1295.0, "n_train_orig": 695.0, "n_test_orig": 91.0, "n_dims_orig": 13.0, "n_train_PM": 212.0, "n_test_PM": 91.0, "n_dims_PM": 13.0, "n_train_PM_comp": 740.0, "n_test_PM_comp": 46.0, "n_dims_PM_comp": 13.0, "mean_lat": 46.97725491166029, "mean_long": -122.45666223436231, "std_lat": 0.12004645093044786, "std_long": 0.26615484030420855, "init_lengthscale": 56.42489851150203, "init_period_len_1": 1440.0, "init_period_len_2": 10080.0, "log_ll": 176.1513460738921, "m": 47.0, "bic": -41.79013339646809, "bics_PM": [