model,MAE,RMSE,MAD,MAPE,MAXAPE,TAPE
MTGP,1.3419275463248226,2.4430902618857164,0.5278039235015711,6.733571620887061,311.3779364804753,2908.9029402232104
SES,1.1974623663470385,2.634866795328375,0.1156525873057269,14.373240123025294,104.45906780173658,6209.239733146927
Holt,1.194470217251871,2.62639025526297,0.1320335992804036,11.696762442758404,86.26982430420033,5053.00137527163
ES,1.3752403185210067,2.745052043719346,0.3767222909005991,33.34096784183167,2412.499963452369,14403.298107671282
ARIMA,1.2140262736771534,2.6490350750739284,0.1365660330240304,29.543707700222985,219.12777483572853,12762.881726496327
SARIMAX,1.308058532568842,2.6428700012604085,0.2973802621417041,33.61486763494315,1899.6192448658544,14521.622818295442
