model,MAE,RMSE,MAD,MAPE,MAXAPE,TAPE,PCM,DF,AREA,CL,DTW,MSE
MTGP_Comp,0.2515743514080113,1.1746696576557318,0.3788372886913604,10.116391575844823,822.78930393646,4350.048377613274,31.039210177407128,4.658443535680672,15113.696873307945,,216.35394221088967,0.3449622011542586
MTGP_RBF,0.26280921834762777,1.1096461490675662,0.46022656352200186,400.44702871131017,2650.0529099779596,172192.22234586338,,2.8188993344866895,19080.76962492141,102.64582018135165,226.01592777895982,0.3078286440351199
SES,0.2610673824216172,1.211245416883918,0.40356274215715465,3.2058392997885976,24.29343135377509,1378.510898909097,,2.8797938265184255,5640.72654497482,,224.5179488825908,0.36677886498057405
Holt,0.4451641134212488,1.6336232186028352,1.034677352498094,2.6517994886078533,11.497763650252008,1140.273780101377,,3.183983605716362,36411.79374882044,21.034641380530566,382.84113754227417,0.6671812050895718
ES,0.43879664832481347,1.579274408203531,1.0401729847966301,5.6664013286773285,41.41356351992594,2436.552571331251,1452.3410103151364,3.185930926667294,37164.99650262724,28.28481596677933,377.3651175593395,0.6235269141016533
ARIMA,0.4952299888714822,1.7976239906033615,1.2244134618557916,2.289861818951229,9.739102010646805,984.6405821490284,,3.3092664232538977,40786.718881840214,19.562982521794243,425.8977904294744,0.8078630028981887
SARIMAX,0.26316330006749966,1.1094911032533534,0.4588348529021857,inf,inf,inf,,2.8209393543169696,19194.968559924913,inf,226.32043805804972,0.3077426270495858
