{"max_speed_kmh": 400.0, "spatial_radius_km": 0.3, "bin_len": 10080.0, "tdf.shape[0]": 9546.0, "f_tdf.shape[0]": 9089.0, "fc_tdf.shape[0]": 3725.0, "fcu_tdf.shape[0]": 3720.0, "curr_ocp": 1.0, "target_ocp": 0.7, "new_ocp": 0.6666666666666666, "n_train": 1954.0, "n_test": 1151.0, "n_dims": 13.0, "mean_lat": 47.57363255905005, "mean_long": -122.0125472580254, "std_lat": 0.06255989707533123, "std_long": 0.13114133435023037, "init_lengthscale": 21.942140296979005, "init_period_len_1": 1440.0, "init_period_len_2": 10080.0, "log_ll": -2602.899898444403, "m": 23.0, "bic": 5380.085375038669, "gp_runtime": 66.4616219997406, "ses_smoothing_level": 0.9999999850988388, "holt_smoothing_level_lat": 0.9999999850988387, "holt_smoothing_slope_lat": 0.4577993213045894, "holt_smoothing_level_lon": 0.9999999850988388, "holt_smoothing_slope_lon": 0.337419548188109, "holt_damping_slope_lat": 0.8000000000000003, "holt_damping_slope_lon": 0.8, "es_seasonal_periods": 24.0, "es_smoothing_level_lat": 0.9999999850988336, "es_smoothing_slope_lat": 0.4614187922140645, "es_smoothing_level_lon": 0.9999999850988388, "es_smoothing_slope_lon": 0.33818871760014, "es_damping_slope_lat": 0.8, "es_damping_slope_lon": 0.8, "arima_order": [2, 0, 2], "sarimax_order": null, "sarimax_seasonal_order": null}