{"max_speed_kmh": 400.0, "spatial_radius_km": 0.3, "bin_len": 30.0, "tdf.shape[0]": 11301.0, "f_tdf.shape[0]": 10995.0, "fc_tdf.shape[0]": 3406.0, "fcu_tdf.shape[0]": 3393.0, "curr_ocp": 0.16083395383469842, "target_ocp": 0.1, "new_ocp": 0.1, "n_train": 1735.0, "n_test": 1079.0, "n_dims": 13.0, "mean_lat": 47.783254955401766, "mean_long": -122.2272603287858, "std_lat": 0.03686450856759176, "std_long": 0.022932993701054786, "init_lengthscale": 23.17791234140715, "init_period_len_1": 1440.0, "init_period_len_2": 10080.0, "log_ll": -2395.5008233748686, "m": 23.0, "bic": 4962.553188674499, "gp_runtime": 40.526068687438965, "ses_smoothing_level": 0.9999999850986493, "holt_smoothing_level_lat": 0.9999999850988388, "holt_smoothing_slope_lat": 0.0, "holt_smoothing_level_lon": 0.9999999850988388, "holt_smoothing_slope_lon": 0.0, "holt_damping_slope_lat": 0.9842347255679574, "holt_damping_slope_lon": 0.9912816934533907, "es_seasonal_periods": 24.0, "es_smoothing_level_lat": 0.999999985098821, "es_smoothing_slope_lat": 0.024534884321082473, "es_smoothing_level_lon": 0.9999999850986115, "es_smoothing_slope_lon": 0.08336362958154458, "es_damping_slope_lat": 0.800000000000241, "es_damping_slope_lon": 0.8000000000000725, "arima_order": [2, 0, 1], "sarimax_order": null, "sarimax_seasonal_order": null}