{"max_speed_kmh": 200.0, "spatial_radius_km": 0.3, "tdf.shape[0]": 13492.0, "f_tdf.shape[0]": 12744.0, "fc_tdf.shape[0]": 4693.0, "fcu_tdf.shape[0]": 4629.0, "n_train_orig": 1437.0, "n_test_orig": 235.0, "n_dims_orig": 13.0, "n_train_PM": 1711.0, "n_test_PM": 734.0, "n_dims_PM": 13.0, "n_train_PM_comp": 1554.0, "n_test_PM_comp": 118.0, "n_dims_PM_comp": 13.0, "mean_lat": 47.559667200552255, "mean_long": -122.03389660291991, "std_lat": 0.08680860855538058, "std_long": 0.15441488343425047, "init_lengthscale": 25.970701867353508, "init_period_len_1": 1440.0, "init_period_len_2": 10080.0, "log_ll": 380.40039628671457, "m": 47.0, "bic": -415.41717861983227, "bics_PM": [