{"max_speed_kmh": 400.0, "spatial_radius_km": 0.3, "bin_len": 360.0, "tdf.shape[0]": 6922.0, "f_tdf.shape[0]": 6652.0, "fc_tdf.shape[0]": 1637.0, "fcu_tdf.shape[0]": 1601.0, "curr_ocp": 0.6176470588235294, "target_ocp": 0.3, "new_ocp": 0.2974137931034483, "n_train": 550.0, "n_test": 847.0, "n_dims": 13.0, "mean_lat": 47.68061755867898, "mean_long": -122.2922133956117, "std_lat": 0.026552683401521414, "std_long": 0.04738446482675785, "init_lengthscale": 75.75500910746813, "init_period_len_1": 1440.0, "init_period_len_2": 10080.0, "log_ll": -779.6961482009658, "m": 23.0, "bic": 1704.5204168011414, "gp_runtime": 3.3397016525268555, "ses_smoothing_level": 0.999999985098567, "holt_smoothing_level_lat": 0.9999999850988388, "holt_smoothing_slope_lat": 0.09673134342575154, "holt_smoothing_level_lon": 0.9999999850988031, "holt_smoothing_slope_lon": 0.4285852869715479, "holt_damping_slope_lat": 0.8, "holt_damping_slope_lon": 0.8, "es_seasonal_periods": 24.0, "es_smoothing_level_lat": 0.9999999850988388, "es_smoothing_slope_lat": 0.10990340126812992, "es_smoothing_level_lon": 0.9999999850988388, "es_smoothing_slope_lon": 0.42045030961939317, "es_damping_slope_lat": 0.8000000000000004, "es_damping_slope_lon": 0.800000000000018, "arima_order": [2, 0, 2], "sarimax_order": null, "sarimax_seasonal_order": null}