{"max_speed_kmh": 200.0, "spatial_radius_km": 0.3, "tdf.shape[0]": 22145.0, "f_tdf.shape[0]": 21771.0, "fc_tdf.shape[0]": 2732.0, "fcu_tdf.shape[0]": 2725.0, "n_train_orig": 728.0, "n_test_orig": 20.0, "n_dims_orig": 13.0, "n_train_PM": 1039.0, "n_test_PM": 446.0, "n_dims_PM": 13.0, "n_train_PM_comp": 738.0, "n_test_PM_comp": 10.0, "n_dims_PM_comp": 13.0, "mean_lat": 47.94561919245169, "mean_long": -122.08390698601798, "std_lat": 0.08682507661571465, "std_long": 0.22123333196215617, "init_lengthscale": 102.64314789687924, "init_period_len_1": 1440.0, "init_period_len_2": 10080.0, "log_ll": 157.78561701154172, "m": 47.0, "bic": -5.185874266861219, "bics_PM": [