{"max_speed_kmh": 400.0, "spatial_radius_km": 0.3, "bin_len": 10080.0, "tdf.shape[0]": 5848.0, "f_tdf.shape[0]": 5431.0, "fc_tdf.shape[0]": 1186.0, "fcu_tdf.shape[0]": 1182.0, "curr_ocp": 1.0, "target_ocp": 0.8, "new_ocp": 0.7777777777777778, "n_train": 792.0, "n_test": 336.0, "n_dims": 13.0, "mean_lat": 47.55244285812471, "mean_long": -122.29016973327144, "std_lat": 0.08513283258420239, "std_long": 0.03345248765339115, "init_lengthscale": 54.20986093552465, "init_period_len_1": 1440.0, "init_period_len_2": 10080.0, "log_ll": -1132.6824835673792, "m": 23.0, "bic": 2418.87987914649, "gp_runtime": 1.2487633228302002, "ses_smoothing_level": 0.9999999850988388, "holt_smoothing_level_lat": 0.9999999850988165, "holt_smoothing_slope_lat": 0.9154032488997648, "holt_smoothing_level_lon": 0.9999999850606437, "holt_smoothing_slope_lon": 0.14640318342769076, "holt_damping_slope_lat": 0.8, "holt_damping_slope_lon": 0.8000000000167333, "es_seasonal_periods": 24.0, "es_smoothing_level_lat": 0.9999999850988388, "es_smoothing_slope_lat": 0.9068483766435206, "es_smoothing_level_lon": 0.9999999850988388, "es_smoothing_slope_lon": 0.15865854138508717, "es_damping_slope_lat": 0.8, "es_damping_slope_lon": 0.8000000010723731, "arima_order": [2, 0, 1], "sarimax_order": null, "sarimax_seasonal_order": null}