{"max_speed_kmh": 200.0, "spatial_radius_km": 0.3, "tdf.shape[0]": 8675.0, "f_tdf.shape[0]": 8490.0, "fc_tdf.shape[0]": 2772.0, "fcu_tdf.shape[0]": 2768.0, "n_train_orig": 1151.0, "n_test_orig": 19.0, "n_dims_orig": 13.0, "n_train_PM": 939.0, "n_test_PM": 403.0, "n_dims_PM": 13.0, "n_train_PM_comp": 1160.0, "n_test_PM_comp": 10.0, "n_dims_PM_comp": 13.0, "mean_lat": 47.62863308640768, "mean_long": -122.30339357217805, "std_lat": 0.051739659858645995, "std_long": 0.17750639944529656, "init_lengthscale": 75.14452113891285, "init_period_len_1": 1440.0, "init_period_len_2": 10080.0, "log_ll": 409.56164199558543, "m": 47.0, "bic": -487.4830456384516, "bics_PM": [