{"max_speed_kmh": 200.0, "spatial_radius_km": 0.3, "bin_len": 5.0, "tdf.shape[0]": 11301.0, "f_tdf.shape[0]": 10963.0, "fc_tdf.shape[0]": 3405.0, "fcu_tdf.shape[0]": 3392.0, "curr_ocp": 0.06509059319930503, "target_ocp": 0.05356027036345756, "new_ocp": 0.05354926780838918, "n_train": 2295.0, "n_test": 519.0, "n_dims": 13.0, "mean_lat": 47.78258688575261, "mean_long": -122.22701092721057, "std_lat": 0.036939069084041605, "std_long": 0.022161294891490397, "init_lengthscale": 17.562554489973845, "init_period_len_1": 1440.0, "init_period_len_2": 10080.0, "log_ll": -3157.316699921673, "m": 23.0, "bic": 6492.618626660723, "gp_runtime": 110.33329391479492, "ses_smoothing_level": 0.9999999850988388, "holt_smoothing_level_lat": 0.999999985098836, "holt_smoothing_slope_lat": 0.32303647485294035, "holt_smoothing_level_lon": 0.9999999850476803, "holt_smoothing_slope_lon": 0.2651963497058034, "holt_damping_slope_lat": 0.8, "holt_damping_slope_lon": 0.8000000031126008, "es_seasonal_periods": 24.0, "es_smoothing_level_lat": 0.9999999850986957, "es_smoothing_slope_lat": 0.32226265353807776, "es_smoothing_level_lon": 0.9999999850821071, "es_smoothing_slope_lon": 0.26249022763250524, "es_damping_slope_lat": 0.8, "es_damping_slope_lon": 0.8000000011966856, "arima_order": [2, 0, 1], "sarimax_order": null, "sarimax_seasonal_order": null}