{"max_speed_kmh": 400.0, "spatial_radius_km": 0.3, "bin_len": 360.0, "tdf.shape[0]": 9056.0, "f_tdf.shape[0]": 9047.0, "fc_tdf.shape[0]": 2554.0, "fcu_tdf.shape[0]": 2545.0, "curr_ocp": 0.47058823529411764, "target_ocp": 0.2, "new_ocp": 0.19863013698630136, "n_train": 690.0, "n_test": 1290.0, "n_dims": 13.0, "mean_lat": 48.182480620553946, "mean_long": -122.16537639329992, "std_lat": 0.09232709875075085, "std_long": 0.05544948731680741, "init_lengthscale": 38.00653120464441, "init_period_len_1": 1440.0, "init_period_len_2": 10080.0, "log_ll": -963.8625681644568, "m": 23.0, "bic": 2078.0690430735135, "gp_runtime": 3.9511172771453857, "ses_smoothing_level": 0.9999999850988066, "holt_smoothing_level_lat": 0.9999999850988387, "holt_smoothing_slope_lat": 0.24180505763308377, "holt_smoothing_level_lon": 0.9999999850971962, "holt_smoothing_slope_lon": 2.518552234450564e-12, "holt_damping_slope_lat": 0.8, "holt_damping_slope_lon": 0.8262427837486346, "es_seasonal_periods": 24.0, "es_smoothing_level_lat": 0.9999999850988388, "es_smoothing_slope_lat": 0.24211508718574068, "es_smoothing_level_lon": 0.9999999850988388, "es_smoothing_slope_lon": 0.0, "es_damping_slope_lat": 0.800000000000087, "es_damping_slope_lon": 0.8421335577096586, "arima_order": [2, 0, 1], "sarimax_order": null, "sarimax_seasonal_order": null}