{"max_speed_kmh": 400.0, "spatial_radius_km": 0.3, "bin_len": 30.0, "tdf.shape[0]": 4735.0, "f_tdf.shape[0]": 4497.0, "fc_tdf.shape[0]": 820.0, "fcu_tdf.shape[0]": 813.0, "curr_ocp": 0.05690200210748156, "target_ocp": 0.02463590956937617, "new_ocp": 0.024526198439241916, "n_train": 262.0, "n_test": 434.0, "n_dims": 13.0, "mean_lat": 47.247562914835925, "mean_long": -122.43683239922572, "std_lat": 0.09078487473179069, "std_long": 0.061558431497672275, "init_lengthscale": 154.60153256704982, "init_period_len_1": 1440.0, "init_period_len_2": 10080.0, "log_ll": -316.30715854390854, "m": 23.0, "bic": 760.6862406743223, "gp_runtime": 2.171450138092041, "ses_smoothing_level": 0.9999999850988381, "holt_smoothing_level_lat": 0.9921913401661754, "holt_smoothing_slope_lat": 0.13585490149096902, "holt_smoothing_level_lon": 0.9587768252680453, "holt_smoothing_slope_lon": 0.20356586557042175, "holt_damping_slope_lat": 0.820800687100946, "holt_damping_slope_lon": 0.8, "es_seasonal_periods": 24.0, "es_smoothing_level_lat": 0.9999999850988137, "es_smoothing_slope_lat": 2.1224295037702755e-14, "es_smoothing_level_lon": 0.9193290070602126, "es_smoothing_slope_lon": 0.2381296581302487, "es_damping_slope_lat": 0.9867487745148041, "es_damping_slope_lon": 0.8002738103280229, "arima_order": [2, 0, 1], "sarimax_order": null, "sarimax_seasonal_order": null}