{"max_speed_kmh": 400.0, "spatial_radius_km": 0.3, "bin_len": 10080.0, "tdf.shape[0]": 9008.0, "f_tdf.shape[0]": 8607.0, "fc_tdf.shape[0]": 3012.0, "fcu_tdf.shape[0]": 2963.0, "curr_ocp": 1.0, "target_ocp": 0.5, "new_ocp": 0.5, "n_train": 1076.0, "n_test": 1429.0, "n_dims": 13.0, "mean_lat": 47.75864849297937, "mean_long": -122.2223444824768, "std_lat": 0.1498093644221375, "std_long": 0.20598860590814103, "init_lengthscale": 37.48418604651163, "init_period_len_1": 1440.0, "init_period_len_2": 10080.0, "log_ll": -1359.6709039575114, "m": 23.0, "bic": 2879.9049399516225, "gp_runtime": 15.453640460968018, "ses_smoothing_level": 0.9999999850988021, "holt_smoothing_level_lat": 0.9999999850988388, "holt_smoothing_slope_lat": 0.3959008134776992, "holt_smoothing_level_lon": 0.9999999850988388, "holt_smoothing_slope_lon": 0.5303664519646903, "holt_damping_slope_lat": 0.8508449301331499, "holt_damping_slope_lon": 0.8474676612951104, "es_seasonal_periods": 24.0, "es_smoothing_level_lat": 0.9999999850988308, "es_smoothing_slope_lat": 0.39826051069414076, "es_smoothing_level_lon": 0.9999999850988388, "es_smoothing_slope_lon": 0.526279440238337, "es_damping_slope_lat": 0.852052401741293, "es_damping_slope_lon": 0.8520166947037872, "arima_order": [2, 0, 2], "sarimax_order": null, "sarimax_seasonal_order": null}