{"max_speed_kmh": 400.0, "spatial_radius_km": 0.3, "bin_len": 30.0, "tdf.shape[0]": 5848.0, "f_tdf.shape[0]": 5431.0, "fc_tdf.shape[0]": 1186.0, "fcu_tdf.shape[0]": 1182.0, "curr_ocp": 0.12277019937040923, "target_ocp": 0.1, "new_ocp": 0.09968520461699895, "n_train": 916.0, "n_test": 212.0, "n_dims": 13.0, "mean_lat": 47.563384466671074, "mean_long": -122.290640424874, "std_lat": 0.08564508236344369, "std_long": 0.03408446061549062, "init_lengthscale": 46.86338797814208, "init_period_len_1": 1440.0, "init_period_len_2": 10080.0, "log_ll": -1299.9116686778925, "m": 23.0, "bic": 2756.68371374329, "gp_runtime": 7.831150770187378, "ses_smoothing_level": 0.9999999850988388, "holt_smoothing_level_lat": 0.9999998784447625, "holt_smoothing_slope_lat": 0.21538515391453836, "holt_smoothing_level_lon": 0.9999999847825894, "holt_smoothing_slope_lon": 0.0, "holt_damping_slope_lat": 0.8000049467542666, "holt_damping_slope_lon": 0.8000000028591006, "es_seasonal_periods": 24.0, "es_smoothing_level_lat": 0.999999985098078, "es_smoothing_slope_lat": 0.20982380190287775, "es_smoothing_level_lon": 0.9999999850983439, "es_smoothing_slope_lon": 0.0, "es_damping_slope_lat": 0.8, "es_damping_slope_lon": 0.8, "arima_order": [2, 0, 2], "sarimax_order": null, "sarimax_seasonal_order": null}