{"max_speed_kmh": 200.0, "spatial_radius_km": 0.3, "bin_len": 5.0, "tdf.shape[0]": 16625.0, "f_tdf.shape[0]": 16056.0, "fc_tdf.shape[0]": 2988.0, "fcu_tdf.shape[0]": 2954.0, "curr_ocp": 0.05469383030443338, "target_ocp": 0.02891457276177088, "new_ocp": 0.028880657483505035, "n_train": 1323.0, "n_test": 1152.0, "n_dims": 13.0, "mean_lat": 47.449439223324866, "mean_long": -122.30174095161921, "std_lat": 0.15175795706001075, "std_long": 0.27250440599134046, "init_lengthscale": 32.67360060514372, "init_period_len_1": 1440.0, "init_period_len_2": 10080.0, "log_ll": -1569.0333890324919, "m": 23.0, "bic": 3303.382892839628, "gp_runtime": 26.682004690170288, "ses_smoothing_level": 0.9999999850988388, "holt_smoothing_level_lat": 0.999999985098838, "holt_smoothing_slope_lat": 0.1488021817396679, "holt_smoothing_level_lon": 0.9999999850988351, "holt_smoothing_slope_lon": 0.1313824968219018, "holt_damping_slope_lat": 0.8, "holt_damping_slope_lon": 0.8935974132925518, "es_seasonal_periods": 24.0, "es_smoothing_level_lat": 0.9999999850988388, "es_smoothing_slope_lat": 0.14678868016500893, "es_smoothing_level_lon": 0.9999999850988388, "es_smoothing_slope_lon": 0.13096788029224357, "es_damping_slope_lat": 0.800000000000007, "es_damping_slope_lon": 0.8953405894587942, "arima_order": [2, 0, 2], "sarimax_order": null, "sarimax_seasonal_order": null}