{"max_speed_kmh": 400.0, "spatial_radius_km": 0.3, "bin_len": 15.0, "tdf.shape[0]": 2509.0, "f_tdf.shape[0]": 2429.0, "fc_tdf.shape[0]": 1396.0, "fcu_tdf.shape[0]": 1387.0, "curr_ocp": 0.08565687013313238, "target_ocp": 0.030409097363174407, "new_ocp": 0.030165912518853696, "n_train": 449.0, "n_test": 776.0, "n_dims": 13.0, "mean_lat": 47.633088864305655, "mean_long": -122.3399694440162, "std_lat": 0.029181072888378536, "std_long": 0.025308207442503877, "init_lengthscale": 66.58928571428571, "init_period_len_1": 1440.0, "init_period_len_2": 10080.0, "log_ll": -585.6317890057104, "m": 23.0, "bic": 1311.7251044294926, "gp_runtime": 2.347996711730957, "ses_smoothing_level": 0.9999999850988315, "holt_smoothing_level_lat": 0.9987772363358444, "holt_smoothing_slope_lat": 3.630834447030815e-12, "holt_smoothing_level_lon": 0.999999985062127, "holt_smoothing_slope_lon": 1.6151643705313894e-10, "holt_damping_slope_lat": 0.9337266294677765, "holt_damping_slope_lon": 0.974889534309365, "es_seasonal_periods": 24.0, "es_smoothing_level_lat": 0.9999999850988388, "es_smoothing_slope_lat": 0.0, "es_smoothing_level_lon": 0.9999999850988388, "es_smoothing_slope_lon": 1.0720419310136571e-13, "es_damping_slope_lat": 0.9305309734540496, "es_damping_slope_lon": 0.8, "arima_order": [0, 1, 0], "sarimax_order": null, "sarimax_seasonal_order": null}