{"max_speed_kmh": 200.0, "spatial_radius_km": 0.3, "tdf.shape[0]": 9056.0, "f_tdf.shape[0]": 9046.0, "fc_tdf.shape[0]": 2554.0, "fcu_tdf.shape[0]": 2545.0, "n_train_orig": 690.0, "n_test_orig": 22.0, "n_dims_orig": 13.0, "n_train_PM": 903.0, "n_test_PM": 387.0, "n_dims_PM": 13.0, "n_train_PM_comp": 701.0, "n_test_PM_comp": 11.0, "n_dims_PM_comp": 13.0, "mean_lat": 48.19832112672215, "mean_long": -122.16530961408981, "std_lat": 0.06115191777947914, "std_long": 0.06793651341872128, "init_lengthscale": 39.08357142857143, "init_period_len_1": 1440.0, "init_period_len_2": 10080.0, "log_ll": 312.3617612869858, "m": 47.0, "bic": -316.75565188334593, "bics_PM": [