{"max_speed_kmh": 400.0, "spatial_radius_km": 0.3, "bin_len": 10080.0, "tdf.shape[0]": 12812.0, "f_tdf.shape[0]": 12503.0, "fc_tdf.shape[0]": 1113.0, "fcu_tdf.shape[0]": 1088.0, "curr_ocp": 1.0, "target_ocp": 0.7, "new_ocp": 0.6666666666666666, "n_train": 656.0, "n_test": 212.0, "n_dims": 13.0, "mean_lat": 47.74593435496692, "mean_long": -122.1354712411225, "std_lat": 0.07692832563091094, "std_long": 0.06712531979805665, "init_lengthscale": 44.99312977099237, "init_period_len_1": 1440.0, "init_period_len_2": 10080.0, "log_ll": -903.945984754677, "m": 23.0, "bic": 1957.0736676550682, "gp_runtime": 5.354930877685547, "ses_smoothing_level": 0.9999999850988388, "holt_smoothing_level_lat": 0.999999985098836, "holt_smoothing_slope_lat": 0.3658894069404224, "holt_smoothing_level_lon": 0.9999999850988388, "holt_smoothing_slope_lon": 0.45478083681498943, "holt_damping_slope_lat": 0.8000000000000003, "holt_damping_slope_lon": 0.8052644732055564, "es_seasonal_periods": 24.0, "es_smoothing_level_lat": 0.9999999850986189, "es_smoothing_slope_lat": 0.35699522552633334, "es_smoothing_level_lon": 0.9999999850988384, "es_smoothing_slope_lon": 0.44956465216035346, "es_damping_slope_lat": 0.800000000000026, "es_damping_slope_lon": 0.8150209468285599, "arima_order": [2, 0, 1], "sarimax_order": null, "sarimax_seasonal_order": null}