{"max_speed_kmh": 400.0, "spatial_radius_km": 0.3, "bin_len": 30.0, "tdf.shape[0]": 9008.0, "f_tdf.shape[0]": 8607.0, "fc_tdf.shape[0]": 3012.0, "fcu_tdf.shape[0]": 2963.0, "curr_ocp": 0.14085983921705697, "target_ocp": 0.1, "new_ocp": 0.09996504718629849, "n_train": 1764.0, "n_test": 741.0, "n_dims": 13.0, "mean_lat": 47.80106262204568, "mean_long": -122.23905220577788, "std_lat": 0.12654946167108946, "std_long": 0.14854791160329428, "init_lengthscale": 24.34089619965967, "init_period_len_1": 1440.0, "init_period_len_2": 10080.0, "log_ll": -2333.2017677127515, "m": 23.0, "bic": 4838.336337866538, "gp_runtime": 57.049758434295654, "ses_smoothing_level": 0.9999999850988323, "holt_smoothing_level_lat": 0.9941159565650087, "holt_smoothing_slope_lat": 0.10617241838916189, "holt_smoothing_level_lon": 0.9999999850988304, "holt_smoothing_slope_lon": 0.21323521070477638, "holt_damping_slope_lat": 0.8000000000000002, "holt_damping_slope_lon": 0.8, "es_seasonal_periods": 24.0, "es_smoothing_level_lat": 0.9926118347126063, "es_smoothing_slope_lat": 0.10948842066192617, "es_smoothing_level_lon": 0.9999999850988388, "es_smoothing_slope_lon": 0.2143630301010544, "es_damping_slope_lat": 0.8, "es_damping_slope_lon": 0.8000000000000477, "arima_order": [2, 0, 1], "sarimax_order": null, "sarimax_seasonal_order": null}