{"max_speed_kmh": 400.0, "spatial_radius_km": 0.3, "bin_len": 15.0, "tdf.shape[0]": 9056.0, "f_tdf.shape[0]": 9047.0, "fc_tdf.shape[0]": 2554.0, "fcu_tdf.shape[0]": 2545.0, "curr_ocp": 0.08686151324774652, "target_ocp": 0.05734496659043111, "new_ocp": 0.05708822726031139, "n_train": 1300.0, "n_test": 680.0, "n_dims": 13.0, "mean_lat": 48.189110302974534, "mean_long": -122.17561566653079, "std_lat": 0.07596243579059478, "std_long": 0.07584239253581379, "init_lengthscale": 21.137028483448805, "init_period_len_1": 1440.0, "init_period_len_2": 10080.0, "log_ll": -1839.278184256567, "m": 23.0, "bic": 3843.4691180124755, "gp_runtime": 14.446250438690186, "ses_smoothing_level": 0.9999999850982283, "holt_smoothing_level_lat": 0.9999999850988079, "holt_smoothing_slope_lat": 8.743520080061127e-14, "holt_smoothing_level_lon": 0.9999999850988388, "holt_smoothing_slope_lon": 0.0, "holt_damping_slope_lat": 0.9534966902070594, "holt_damping_slope_lon": 0.9921954193687297, "es_seasonal_periods": 24.0, "es_smoothing_level_lat": 0.9999999850988388, "es_smoothing_slope_lat": 0.08019036365106881, "es_smoothing_level_lon": 0.9999999850827022, "es_smoothing_slope_lon": 0.1427481338826587, "es_damping_slope_lat": 0.8, "es_damping_slope_lon": 0.8, "arima_order": [2, 0, 1], "sarimax_order": null, "sarimax_seasonal_order": null}