{"max_speed_kmh": 200.0, "spatial_radius_km": 0.3, "tdf.shape[0]": 36654.0, "f_tdf.shape[0]": 35681.0, "fc_tdf.shape[0]": 6021.0, "fcu_tdf.shape[0]": 5977.0, "n_train_orig": 1985.0, "n_test_orig": 257.0, "n_dims_orig": 13.0, "n_train_PM": 1712.0, "n_test_PM": 734.0, "n_dims_PM": 13.0, "n_train_PM_comp": 2113.0, "n_test_PM_comp": 129.0, "n_dims_PM_comp": 13.0, "mean_lat": 47.898535740013415, "mean_long": -122.1725063783779, "std_lat": 0.21862310478296892, "std_long": 0.06269993229010463, "init_lengthscale": 40.94460227272727, "init_period_len_1": 1440.0, "init_period_len_2": 10080.0, "log_ll": 333.19621131763756, "m": 47.0, "bic": -306.5668138073205, "bics_PM": [