{"max_speed_kmh": 400.0, "spatial_radius_km": 0.3, "bin_len": 360.0, "tdf.shape[0]": 12812.0, "f_tdf.shape[0]": 12503.0, "fc_tdf.shape[0]": 1113.0, "fcu_tdf.shape[0]": 1088.0, "curr_ocp": 0.5304878048780488, "target_ocp": 0.1, "new_ocp": 0.09734513274336283, "n_train": 51.0, "n_test": 817.0, "n_dims": 13.0, "mean_lat": 47.76294459901961, "mean_long": -122.13127906084175, "std_lat": 0.023465195046307705, "std_long": 0.01003366303330106, "init_lengthscale": 403.39, "init_period_len_1": 1440.0, "init_period_len_2": 10080.0, "log_ll": -70.0126127267103, "m": 23.0, "bic": 230.4572150060801, "gp_runtime": 0.6178417205810547, "ses_smoothing_level": 0.7832275968956408, "holt_smoothing_level_lat": 0.7828119821081926, "holt_smoothing_slope_lat": 0.0, "holt_smoothing_level_lon": 0.9999999850988152, "holt_smoothing_slope_lon": 2.978341956571424e-15, "holt_damping_slope_lat": 0.9949999999995499, "holt_damping_slope_lon": 0.8000000000002986, "es_seasonal_periods": 24.0, "es_smoothing_level_lat": 0.6303121401295398, "es_smoothing_slope_lat": 5.007880166306469e-16, "es_smoothing_level_lon": 0.9999999850988388, "es_smoothing_slope_lon": 1.838508789199807e-15, "es_damping_slope_lat": 0.8547988926791283, "es_damping_slope_lon": 0.8, "arima_order": [1, 1, 0], "sarimax_order": null, "sarimax_seasonal_order": null}