{"max_speed_kmh": 200.0, "spatial_radius_km": 0.3, "tdf.shape[0]": 17427.0, "f_tdf.shape[0]": 17203.0, "fc_tdf.shape[0]": 2829.0, "fcu_tdf.shape[0]": 2749.0, "n_train_orig": 999.0, "n_test_orig": 92.0, "n_dims_orig": 13.0, "n_train_PM": 1043.0, "n_test_PM": 448.0, "n_dims_PM": 13.0, "n_train_PM_comp": 1045.0, "n_test_PM_comp": 46.0, "n_dims_PM_comp": 13.0, "mean_lat": 47.5722675875885, "mean_long": -122.1283313293664, "std_lat": 0.11090802442531156, "std_long": 0.26830477630791155, "init_lengthscale": 83.4765325670498, "init_period_len_1": 1440.0, "init_period_len_2": 10080.0, "log_ll": -88.19823640746449, "m": 47.0, "bic": 503.12976454167784, "bics_PM": [