{"max_speed_kmh": 200.0, "spatial_radius_km": 0.3, "bin_len": 5.0, "tdf.shape[0]": 20038.0, "f_tdf.shape[0]": 19720.0, "fc_tdf.shape[0]": 5022.0, "fcu_tdf.shape[0]": 4996.0, "curr_ocp": 0.06911068233643221, "target_ocp": 0.05195461691385678, "new_ocp": 0.051920715663918614, "n_train": 2970.0, "n_test": 974.0, "n_dims": 13.0, "mean_lat": 47.933046005161714, "mean_long": -122.10440029413965, "std_lat": 0.10148248284761319, "std_long": 0.09356461347130053, "init_lengthscale": 14.4004715392388, "init_period_len_1": 1440.0, "init_period_len_2": 10080.0, "log_ll": -3867.3509859586943, "m": 23.0, "bic": 7918.617268248714, "gp_runtime": 343.68094396591187, "ses_smoothing_level": 0.9999999850958232, "holt_smoothing_level_lat": 0.9789558262786763, "holt_smoothing_slope_lat": 0.31693042158120543, "holt_smoothing_level_lon": 0.9756068330579075, "holt_smoothing_slope_lon": 0.26169459349861973, "holt_damping_slope_lat": 0.8, "holt_damping_slope_lon": 0.8, "es_seasonal_periods": 24.0, "es_smoothing_level_lat": 0.9768219618473316, "es_smoothing_slope_lat": 0.31746864432569266, "es_smoothing_level_lon": 0.9749680932706933, "es_smoothing_slope_lon": 0.26122752607428146, "es_damping_slope_lat": 0.8000000000000241, "es_damping_slope_lon": 0.8000000000000516, "arima_order": [2, 0, 1], "sarimax_order": null, "sarimax_seasonal_order": null}