{"max_speed_kmh": 400.0, "spatial_radius_km": 0.3, "bin_len": 30.0, "tdf.shape[0]": 11993.0, "f_tdf.shape[0]": 11802.0, "fc_tdf.shape[0]": 2264.0, "fcu_tdf.shape[0]": 2252.0, "curr_ocp": 0.142407277816655, "target_ocp": 0.1, "new_ocp": 0.09972008397480756, "n_train": 1391.0, "n_test": 536.0, "n_dims": 13.0, "mean_lat": 47.57734879625972, "mean_long": -122.20919315869864, "std_lat": 0.022230221247876967, "std_long": 0.05323272759135913, "init_lengthscale": 30.835251798561153, "init_period_len_1": 1440.0, "init_period_len_2": 10080.0, "log_ll": -1975.0833029907367, "m": 23.0, "bic": 4116.635504395713, "gp_runtime": 7.808278799057007, "ses_smoothing_level": 0.9999999850955933, "holt_smoothing_level_lat": 0.9999999850934859, "holt_smoothing_slope_lat": 0.041305574588348916, "holt_smoothing_level_lon": 0.9999999850988388, "holt_smoothing_slope_lon": 0.1897905784657673, "holt_damping_slope_lat": 0.8000000000588052, "holt_damping_slope_lon": 0.8, "es_seasonal_periods": 24.0, "es_smoothing_level_lat": 0.9999999850988388, "es_smoothing_slope_lat": 0.0390116289045573, "es_smoothing_level_lon": 0.9999999850988388, "es_smoothing_slope_lon": 0.19057248754530426, "es_damping_slope_lat": 0.8, "es_damping_slope_lon": 0.800000000000235, "arima_order": [2, 0, 2], "sarimax_order": null, "sarimax_seasonal_order": null}