model,MAE,RMSE,MAD,MAPE,MAXAPE,TAPE,PCM,DF,AREA,CL,DTW,MSE
MTGP_Comp,0.1832132364908009,0.7710755056257746,0.3641146157178724,50.77748830132555,34879.164567237174,74947.5727327565,128.00768671529107,4.031416530788025,24262.169417531295,,540.8454741208441,0.14863935884401103
MTGP_RBF,0.1947629539793176,0.8929522220682297,0.40266721322387417,6.899364286460604,1944.0627967605337,10183.461686815852,272.76393881190523,4.195045716499839,19616.961961383073,,574.9402401469456,0.19934091772414725
SES,2.0426228045476975,5.9311945039409935,6.005723778844228,1.4906346750912973,1.9950453135378103,2200.1767804347546,,5.46521166831569,338912.62454410153,,6029.822519024794,8.794767060894962
Holt,15.734109871868307,57.40568373850015,57.50052454359291,1.4433602154009852,1.6150268889081625,2130.3996779318545,10677401511836.588,32.85032788541776,2678479.9300111574,,46447.09234175522,823.8531313711751
ES,20.57520690195384,65.00366492203722,65.09943366558052,1.423653224940343,1.4821294110865877,2101.312160011946,43542.13534358127,42.663034666880115,3505618.133535617,,60738.010774567694,1056.3691133241227
ARIMA,2.042852236010468,5.932503949401873,6.007018245719669,1.4906599973930728,1.9950912748572038,2200.2141561521753,,5.4656565877168966,338950.78968532424,,6030.499800702898,8.798650777417203
SARIMAX,0.2152921481875019,0.9340446134372349,0.5203049283132789,inf,inf,inf,,4.098566302360352,16111.666995970481,inf,635.5424214495058,0.21810983497277833
