{"max_speed_kmh": 400.0, "spatial_radius_km": 0.3, "bin_len": 15.0, "tdf.shape[0]": 4735.0, "f_tdf.shape[0]": 4497.0, "fc_tdf.shape[0]": 820.0, "fcu_tdf.shape[0]": 813.0, "curr_ocp": 0.036178433438707414, "target_ocp": 0.03440191990101409, "new_ocp": 0.03424657534246575, "n_train": 661.0, "n_test": 35.0, "n_dims": 13.0, "mean_lat": 47.26944658701822, "mean_long": -122.43619151297892, "std_lat": 0.14489538405858168, "std_long": 0.06026866625889769, "init_lengthscale": 64.7, "init_period_len_1": 1440.0, "init_period_len_2": 10080.0, "log_ll": -781.0883828272163, "m": 23.0, "bic": 1711.5331039710213, "gp_runtime": 1.9220139980316162, "ses_smoothing_level": 0.9999999850988367, "holt_smoothing_level_lat": 0.9999999850988388, "holt_smoothing_slope_lat": 0.22289237681261515, "holt_smoothing_level_lon": 0.9999999850988385, "holt_smoothing_slope_lon": 0.2447713175617839, "holt_damping_slope_lat": 0.9234713974817501, "holt_damping_slope_lon": 0.8, "es_seasonal_periods": 24.0, "es_smoothing_level_lat": 0.9999999850988374, "es_smoothing_slope_lat": 0.229146563855969, "es_smoothing_level_lon": 0.9999999850988381, "es_smoothing_slope_lon": 0.25398574687676667, "es_damping_slope_lat": 0.9214477844514045, "es_damping_slope_lon": 0.8, "arima_order": [2, 0, 2], "sarimax_order": null, "sarimax_seasonal_order": null}