{"max_speed_kmh": 200.0, "spatial_radius_km": 0.3, "tdf.shape[0]": 31250.0, "f_tdf.shape[0]": 30828.0, "fc_tdf.shape[0]": 6290.0, "fcu_tdf.shape[0]": 6285.0, "n_train_orig": 678.0, "n_test_orig": 40.0, "n_dims_orig": 13.0, "n_train_PM": 2853.0, "n_test_PM": 1224.0, "n_dims_PM": 13.0, "n_train_PM_comp": 698.0, "n_test_PM_comp": 20.0, "n_dims_PM_comp": 13.0, "mean_lat": 47.14742900278405, "mean_long": -122.36952143295407, "std_lat": 0.05529830649071967, "std_long": 0.05741981029971086, "init_lengthscale": 114.62697274031564, "init_period_len_1": 1440.0, "init_period_len_2": 10080.0, "log_ll": 252.80410610656233, "m": 47.0, "bic": -197.84191438329316, "bics_PM": [