{"max_speed_kmh": 400.0, "spatial_radius_km": 0.3, "bin_len": 1440.0, "tdf.shape[0]": 22304.0, "f_tdf.shape[0]": 22086.0, "fc_tdf.shape[0]": 4142.0, "fcu_tdf.shape[0]": 4106.0, "curr_ocp": 0.9491525423728814, "target_ocp": 0.4, "new_ocp": 0.39622641509433965, "n_train": 840.0, "n_test": 2340.0, "n_dims": 13.0, "mean_lat": 47.98326756439244, "mean_long": -122.162881343451, "std_lat": 0.19958116697317327, "std_long": 0.03488294748078451, "init_lengthscale": 45.36948748510131, "init_period_len_1": 1440.0, "init_period_len_2": 10080.0, "log_ll": -1175.7083345330225, "m": 23.0, "bic": 2506.284912578304, "gp_runtime": 5.975594520568848, "ses_smoothing_level": 0.9999999850988388, "holt_smoothing_level_lat": 0.8354881619228396, "holt_smoothing_slope_lat": 0.2325986975425615, "holt_smoothing_level_lon": 0.9307406159192968, "holt_smoothing_slope_lon": 0.06241098562507904, "holt_damping_slope_lat": 0.9161845586709769, "holt_damping_slope_lon": 0.8000000000000055, "es_seasonal_periods": 24.0, "es_smoothing_level_lat": 0.843863486322916, "es_smoothing_slope_lat": 0.2294685813367583, "es_smoothing_level_lon": 0.9320122884802224, "es_smoothing_slope_lon": 0.06860552909296402, "es_damping_slope_lat": 0.9183899770022959, "es_damping_slope_lon": 0.8000000000001927, "arima_order": [2, 1, 1], "sarimax_order": null, "sarimax_seasonal_order": null}