{"max_speed_kmh": 200.0, "spatial_radius_km": 0.3, "bin_len": 5.0, "tdf.shape[0]": 1437.0, "f_tdf.shape[0]": 1426.0, "fc_tdf.shape[0]": 445.0, "fcu_tdf.shape[0]": 445.0, "curr_ocp": 0.09544950055493896, "target_ocp": 0.05799419749667171, "new_ocp": 0.05771365149833518, "n_train": 203.0, "n_test": 134.0, "n_dims": 10.0, "mean_lat": 47.21126577487685, "mean_long": -122.3316096083744, "std_lat": 0.07055948603999068, "std_long": 0.06739282015184782, "init_lengthscale": 11.148514851485148, "init_period_len_1": 1440.0, "init_period_len_2": 10080.0, "log_ll": -262.3602720827296, "m": 20.0, "bic": 630.9846637462949, "gp_runtime": 1.507530689239502, "ses_smoothing_level": 0.9999999850988388, "holt_smoothing_level_lat": 0.9717861634070258, "holt_smoothing_slope_lat": 0.21364877316318595, "holt_smoothing_level_lon": 0.9999999850988388, "holt_smoothing_slope_lon": 0.2864617361127567, "holt_damping_slope_lat": 0.8, "holt_damping_slope_lon": 0.8000000000000002, "es_seasonal_periods": 24.0, "es_smoothing_level_lat": 0.9806502402526949, "es_smoothing_slope_lat": 0.20987482540835228, "es_smoothing_level_lon": 0.9999999850985257, "es_smoothing_slope_lon": 0.20032971738280098, "es_damping_slope_lat": 0.8000000000000002, "es_damping_slope_lon": 0.8, "arima_order": [2, 0, 1], "sarimax_order": null, "sarimax_seasonal_order": null}