{"max_speed_kmh": 400.0, "spatial_radius_km": 0.3, "bin_len": 60.0, "tdf.shape[0]": 13629.0, "f_tdf.shape[0]": 13495.0, "fc_tdf.shape[0]": 3175.0, "fcu_tdf.shape[0]": 3154.0, "curr_ocp": 0.14285714285714285, "target_ocp": 0.1, "new_ocp": 0.09887798036465638, "n_train": 1618.0, "n_test": 924.0, "n_dims": 13.0, "mean_lat": 47.51160340047778, "mean_long": -122.29655058050447, "std_lat": 0.20447345974544132, "std_long": 0.09294344702339077, "init_lengthscale": 26.440012368583798, "init_period_len_1": 1440.0, "init_period_len_2": 10080.0, "log_ll": -2122.1326528346553, "m": 23.0, "bic": 4414.211065914535, "gp_runtime": 33.098008155822754, "ses_smoothing_level": 0.9999999850988388, "holt_smoothing_level_lat": 0.981114130111911, "holt_smoothing_slope_lat": 0.08863238337475839, "holt_smoothing_level_lon": 0.9999999817751746, "holt_smoothing_slope_lon": 0.0649098785869636, "holt_damping_slope_lat": 0.8390559935125596, "holt_damping_slope_lon": 0.8000001259429583, "es_seasonal_periods": 24.0, "es_smoothing_level_lat": 0.9806259987086162, "es_smoothing_slope_lat": 0.08598191849038388, "es_smoothing_level_lon": 0.999999985098478, "es_smoothing_slope_lon": 0.06797755495293173, "es_damping_slope_lat": 0.849228534715607, "es_damping_slope_lon": 0.8, "arima_order": [2, 0, 2], "sarimax_order": [2, 0, 2], "sarimax_seasonal_order": [0, 0, 0, 24]}