{"max_speed_kmh": 400.0, "spatial_radius_km": 0.3, "bin_len": 360.0, "tdf.shape[0]": 13694.0, "f_tdf.shape[0]": 13566.0, "fc_tdf.shape[0]": 1775.0, "fcu_tdf.shape[0]": 1770.0, "curr_ocp": 0.452991452991453, "target_ocp": 0.3, "new_ocp": 0.296137339055794, "n_train": 937.0, "n_test": 535.0, "n_dims": 13.0, "mean_lat": 47.924919287446976, "mean_long": -122.20044557459103, "std_lat": 0.042343407802550324, "std_long": 0.03967175518864694, "init_lengthscale": 44.79594017094017, "init_period_len_1": 1440.0, "init_period_len_2": 10080.0, "log_ll": -962.3763053164679, "m": 23.0, "bic": 2082.1343261244197, "gp_runtime": 12.280986070632935, "ses_smoothing_level": 0.9999999850988388, "holt_smoothing_level_lat": 0.9999999850988388, "holt_smoothing_slope_lat": 0.21962809883473933, "holt_smoothing_level_lon": 0.9999999850988388, "holt_smoothing_slope_lon": 0.18704180687581373, "holt_damping_slope_lat": 0.8, "holt_damping_slope_lon": 0.8000000000000059, "es_seasonal_periods": 24.0, "es_smoothing_level_lat": 0.9999999850988388, "es_smoothing_slope_lat": 0.23032087017056366, "es_smoothing_level_lon": 0.9999999850988388, "es_smoothing_slope_lon": 0.20092025252839954, "es_damping_slope_lat": 0.8000000000004057, "es_damping_slope_lon": 0.8000000000002134, "arima_order": [2, 0, 1], "sarimax_order": null, "sarimax_seasonal_order": null}