{"max_speed_kmh": 200.0, "spatial_radius_km": 0.3, "bin_len": 60.0, "tdf.shape[0]": 13492.0, "f_tdf.shape[0]": 12744.0, "fc_tdf.shape[0]": 4693.0, "fcu_tdf.shape[0]": 4629.0, "curr_ocp": 0.3012640449438202, "target_ocp": 0.1, "new_ocp": 0.09985935302390998, "n_train": 1315.0, "n_test": 2567.0, "n_dims": 13.0, "mean_lat": 47.56472576114581, "mean_long": -122.01847657473712, "std_lat": 0.1300339308126643, "std_long": 0.20764897784043065, "init_lengthscale": 32.46385083713851, "init_period_len_1": 1440.0, "init_period_len_2": 10080.0, "log_ll": -1684.0908901332516, "m": 23.0, "bic": 3533.358394992576, "gp_runtime": 27.7691650390625, "ses_smoothing_level": 0.9999999850988295, "holt_smoothing_level_lat": 0.9999999850988388, "holt_smoothing_slope_lat": 0.05245958339660753, "holt_smoothing_level_lon": 0.9949832413539474, "holt_smoothing_slope_lon": 0.06759231904703358, "holt_damping_slope_lat": 0.9228626727632352, "holt_damping_slope_lon": 0.8000000000001306, "es_seasonal_periods": 24.0, "es_smoothing_level_lat": 0.9999999850988384, "es_smoothing_slope_lat": 0.05538037566407341, "es_smoothing_level_lon": 0.9943011618316215, "es_smoothing_slope_lon": 0.0699289076205071, "es_damping_slope_lat": 0.9201485039056782, "es_damping_slope_lon": 0.8, "arima_order": [2, 0, 2], "sarimax_order": [2, 0, 2], "sarimax_seasonal_order": [0, 0, 0, 24]}