model,MAE,RMSE,MAD,MAPE,MAXAPE,TAPE,PCM,DF,AREA,CL,DTW,MSE
MTGP_Comp,0.24115512841606762,1.0011241579088404,0.4363035273924704,6.165041177407905,1363.3386203963387,4494.315018330363,49.141285549195615,2.855156947516685,9067.643913675969,,351.6041772306266,0.2505623948871712
MTGP_RBF,0.41961315253134124,1.3464984229623644,1.1806697802285555,950.4017580344967,2263.0154031559596,692842.8816071481,,2.23089782459557,13624.996422073553,163.29322355472533,611.7959763906949,0.45326450076003344
SES,0.8963541273341662,3.014335904813311,3.053979199627101,1.7198648222888155,4.088460116311959,1253.7814554485467,,3.5784806684434978,6076.551347164854,18.67078595255842,1306.8843176532143,2.27155523676167
Holt,1.2768600589901082,4.411326192181153,4.642968684953317,3.629438514369652,8.579029242790433,2645.8606769754765,,4.150082467538359,16054.51170558832,25.595129086154486,1861.6619660075785,4.864949693455867
ES,1.2758562237416493,4.4075205720082655,4.599742075407241,3.3270155760711457,9.252003194628175,2425.3943549558653,6458.409315874143,4.137836644891312,15859.268817873355,25.894016734188135,1860.1983742153234,4.856559398169018
ARIMA,0.42033552038901456,1.3470573500985301,1.1755072937460147,602.6679010774108,1321.192804530563,439344.8998854325,,2.2268715865871744,13591.056070576364,136.5325819220169,612.8491887271837,0.45364087611361853
SARIMAX,0.41944330720429146,1.3463239209172904,1.1822418404745636,inf,inf,inf,,2.2313724434225306,13636.741055415356,inf,611.5483419038569,0.45314702500852655
