{"max_speed_kmh": 400.0, "spatial_radius_km": 0.3, "bin_len": 1440.0, "tdf.shape[0]": 5848.0, "f_tdf.shape[0]": 5431.0, "fc_tdf.shape[0]": 1186.0, "fcu_tdf.shape[0]": 1182.0, "curr_ocp": 0.85, "target_ocp": 0.3, "new_ocp": 0.2982456140350877, "n_train": 416.0, "n_test": 712.0, "n_dims": 13.0, "mean_lat": 47.579171132624694, "mean_long": -122.29197743597881, "std_lat": 0.08839301410360195, "std_long": 0.026695765903566177, "init_lengthscale": 98.78072289156627, "init_period_len_1": 1440.0, "init_period_len_2": 10080.0, "log_ll": -576.3970017972891, "m": 23.0, "bic": 1291.4997645805875, "gp_runtime": 1.1362626552581787, "ses_smoothing_level": 0.9999999850988388, "holt_smoothing_level_lat": 0.9999999850988192, "holt_smoothing_slope_lat": 0.9232715352649924, "holt_smoothing_level_lon": 0.9999999850988388, "holt_smoothing_slope_lon": 2.3606697821332527e-10, "holt_damping_slope_lat": 0.8000000000000003, "holt_damping_slope_lon": 0.8, "es_seasonal_periods": 24.0, "es_smoothing_level_lat": 0.999999985098833, "es_smoothing_slope_lat": 0.9233160094351945, "es_smoothing_level_lon": 0.9999999850988388, "es_smoothing_slope_lon": 0.0, "es_damping_slope_lat": 0.8, "es_damping_slope_lon": 0.8000000000009887, "arima_order": [2, 0, 1], "sarimax_order": null, "sarimax_seasonal_order": null}