model,MAE,RMSE,MAD,MAPE,MAXAPE,TAPE,PCM,DF,AREA,CL,DTW,MSE
MTGP_Comp,0.5669617758904684,2.2398992775495525,1.215226717519256,6.069861932772994,521.2077583531291,4321.741696134372,56.50632446039343,7.872828469758565,84903.33692520877,95.34469191976449,807.3535688680274,1.2542871933917519
MTGP_RBF,0.3624843571934331,1.6784948244526687,0.8366732531421445,49.95535496625856,477.8263564463244,35568.2127359761,,7.349961121520339,61150.08549540161,,516.1777246434486,0.7043362189285989
SES,0.3405249377956713,1.6894179038290893,0.5962490618291613,4.1336085284952375,43.46398815421971,2943.1292722886087,,7.479403070006034,45958.4498268265,,484.90751142103557,0.7135332134445684
Holt,0.4096720634230414,1.7820722057468321,0.8491228623597583,3.329321887604197,32.43035191006496,2370.4771839741884,,7.723061174661897,65366.38865334517,36.50900773125781,583.373018314411,0.7939453366238449
ES,0.46163091004023116,1.8939677178745082,1.0286574440930678,3.141988050233225,40.79320109687066,2237.095491766056,829.0608381790056,7.813349738813103,75160.26364426172,31.1318059345687,657.3624158972898,0.8967784290876931
ARIMA,0.3612206222420587,1.6777108009973083,0.8162961719864504,234.26185163894104,2400.205099663298,166794.438366926,,7.375605653226273,60365.58239336024,,514.3781660726917,0.7036783829457574
SARIMAX,0.3619229168209156,1.6784022397002925,0.821888030050988,inf,inf,inf,,7.375079591571234,60643.0417097082,inf,515.3782335529838,0.7042585195577393
