{"max_speed_kmh": 200.0, "spatial_radius_km": 0.3, "tdf.shape[0]": 7813.0, "f_tdf.shape[0]": 7609.0, "fc_tdf.shape[0]": 2807.0, "fcu_tdf.shape[0]": 2637.0, "n_train_orig": 457.0, "n_test_orig": 181.0, "n_dims_orig": 13.0, "n_train_PM": 1273.0, "n_test_PM": 546.0, "n_dims_PM": 13.0, "n_train_PM_comp": 547.0, "n_test_PM_comp": 91.0, "n_dims_PM_comp": 13.0, "mean_lat": 47.63990110452722, "mean_long": -122.24102653291926, "std_lat": 0.1369325496024527, "std_long": 0.13507847047555396, "init_lengthscale": 77.98626373626374, "init_period_len_1": 1440.0, "init_period_len_2": 10080.0, "log_ll": 145.84298315742393, "m": 47.0, "bic": 4.623127398985275, "bics_PM": [