{"max_speed_kmh": 400.0, "spatial_radius_km": 0.3, "bin_len": 60.0, "tdf.shape[0]": 8551.0, "f_tdf.shape[0]": 8317.0, "fc_tdf.shape[0]": 3141.0, "fcu_tdf.shape[0]": 3141.0, "curr_ocp": 0.11188811188811189, "target_ocp": 0.1, "new_ocp": 0.1, "n_train": 2215.0, "n_test": 318.0, "n_dims": 13.0, "mean_lat": 48.04026758634399, "mean_long": -122.18395620012389, "std_lat": 0.06998769785191594, "std_long": 0.018223773968885207, "init_lengthscale": 19.37375790424571, "init_period_len_1": 1440.0, "init_period_len_2": 10080.0, "log_ll": -2868.740736884009, "m": 23.0, "bic": 5914.650650465041, "gp_runtime": 134.74086713790894, "ses_smoothing_level": 0.9999999850988388, "holt_smoothing_level_lat": 0.9781755748621276, "holt_smoothing_slope_lat": 0.277072435730254, "holt_smoothing_level_lon": 0.9999999850988388, "holt_smoothing_slope_lon": 0.37348271787342513, "holt_damping_slope_lat": 0.8, "holt_damping_slope_lon": 0.8, "es_seasonal_periods": 24.0, "es_smoothing_level_lat": 0.9781549735796006, "es_smoothing_slope_lat": 0.2764976421571785, "es_smoothing_level_lon": 0.999999985057874, "es_smoothing_slope_lon": 0.37261542496631156, "es_damping_slope_lat": 0.8000000000000052, "es_damping_slope_lon": 0.8000000003366783, "arima_order": [2, 0, 1], "sarimax_order": [2, 0, 1], "sarimax_seasonal_order": [0, 0, 0, 24]}