{"max_speed_kmh": 200.0, "spatial_radius_km": 0.3, "tdf.shape[0]": 13006.0, "f_tdf.shape[0]": 12914.0, "fc_tdf.shape[0]": 3930.0, "fcu_tdf.shape[0]": 3789.0, "n_train_orig": 878.0, "n_test_orig": 358.0, "n_dims_orig": 13.0, "n_train_PM": 1576.0, "n_test_PM": 676.0, "n_dims_PM": 13.0, "n_train_PM_comp": 1057.0, "n_test_PM_comp": 179.0, "n_dims_PM_comp": 13.0, "mean_lat": 47.3989503043189, "mean_long": -122.29665413969703, "std_lat": 0.16721538760536442, "std_long": 0.04734990961781469, "init_lengthscale": 63.16903409090909, "init_period_len_1": 1440.0, "init_period_len_2": 10080.0, "log_ll": 348.4756154337782, "m": 47.0, "bic": -369.68130153165527, "bics_PM": [