{"max_speed_kmh": 400.0, "spatial_radius_km": 0.3, "bin_len": 1440.0, "tdf.shape[0]": 11451.0, "f_tdf.shape[0]": 11403.0, "fc_tdf.shape[0]": 2275.0, "fcu_tdf.shape[0]": 2275.0, "curr_ocp": 0.8, "target_ocp": 0.1, "new_ocp": 0.09523809523809523, "n_train": 147.0, "n_test": 1692.0, "n_dims": 13.0, "mean_lat": 47.08791849138034, "mean_long": -122.4621435638074, "std_lat": 0.060172342783395956, "std_long": 0.1410014378645265, "init_lengthscale": 205.62671232876713, "init_period_len_1": 1440.0, "init_period_len_2": 10080.0, "log_ll": -193.35101115192253, "m": 23.0, "bic": 501.481971799756, "gp_runtime": 0.3295741081237793, "ses_smoothing_level": 0.9999999850988388, "holt_smoothing_level_lat": 0.9934661373513946, "holt_smoothing_slope_lat": 0.35568672438821103, "holt_smoothing_level_lon": 0.9999999850988388, "holt_smoothing_slope_lon": 0.3263440990958172, "holt_damping_slope_lat": 0.8, "holt_damping_slope_lon": 0.8863097820079532, "es_seasonal_periods": 24.0, "es_smoothing_level_lat": 0.9999999850988388, "es_smoothing_slope_lat": 0.31358605364847575, "es_smoothing_level_lon": 0.9999999850988388, "es_smoothing_slope_lon": 0.3853125106833521, "es_damping_slope_lat": 0.8, "es_damping_slope_lon": 0.8735103998178118, "arima_order": [1, 1, 1], "sarimax_order": null, "sarimax_seasonal_order": null}