{"max_speed_kmh": 400.0, "spatial_radius_km": 0.3, "bin_len": 1440.0, "tdf.shape[0]": 12998.0, "f_tdf.shape[0]": 12989.0, "fc_tdf.shape[0]": 4175.0, "fcu_tdf.shape[0]": 4162.0, "curr_ocp": 0.9411764705882353, "target_ocp": 0.7, "new_ocp": 0.6862745098039216, "n_train": 2495.0, "n_test": 943.0, "n_dims": 13.0, "mean_lat": 47.46978295064243, "mean_long": -122.30408291596724, "std_lat": 0.11372724315013559, "std_long": 0.03843940092742733, "init_lengthscale": 14.664995990376905, "init_period_len_1": 1440.0, "init_period_len_2": 10080.0, "log_ll": -3478.2090177894156, "m": 23.0, "bic": 7136.325047767101, "gp_runtime": 182.05347442626953, "ses_smoothing_level": 0.9999999850950355, "holt_smoothing_level_lat": 0.9230027242243986, "holt_smoothing_slope_lat": 0.5955611532823036, "holt_smoothing_level_lon": 0.9999999850988388, "holt_smoothing_slope_lon": 0.3592031745320457, "holt_damping_slope_lat": 0.8, "holt_damping_slope_lon": 0.8, "es_seasonal_periods": 24.0, "es_smoothing_level_lat": 0.92113253286234, "es_smoothing_slope_lat": 0.6012706565936349, "es_smoothing_level_lon": 0.9999999850988365, "es_smoothing_slope_lon": 0.3614214448759301, "es_damping_slope_lat": 0.8, "es_damping_slope_lon": 0.8000000000082217, "arima_order": [2, 0, 2], "sarimax_order": null, "sarimax_seasonal_order": null}