{"max_speed_kmh": 400.0, "spatial_radius_km": 0.3, "bin_len": 15.0, "tdf.shape[0]": 10299.0, "f_tdf.shape[0]": 10193.0, "fc_tdf.shape[0]": 3014.0, "fcu_tdf.shape[0]": 2976.0, "curr_ocp": 0.07951388888888888, "target_ocp": 0.06863937869848624, "new_ocp": 0.06854983807124865, "n_train": 2086.0, "n_test": 408.0, "n_dims": 13.0, "mean_lat": 47.7425251522081, "mean_long": -122.30866851601357, "std_lat": 0.06238036877818825, "std_long": 0.06305334352006853, "init_lengthscale": 19.990167865707434, "init_period_len_1": 1440.0, "init_period_len_2": 10080.0, "log_ll": -2957.7535817163434, "m": 23.0, "bic": 6091.296247050584, "gp_runtime": 78.82723951339722, "ses_smoothing_level": 0.9999999850988388, "holt_smoothing_level_lat": 0.923403721141253, "holt_smoothing_slope_lat": 0.3327196958144849, "holt_smoothing_level_lon": 0.9999999850988388, "holt_smoothing_slope_lon": 0.24926884507788039, "holt_damping_slope_lat": 0.8, "holt_damping_slope_lon": 0.8000000000000002, "es_seasonal_periods": 24.0, "es_smoothing_level_lat": 0.9230566411367682, "es_smoothing_slope_lat": 0.33375591725753456, "es_smoothing_level_lon": 0.9999999850988388, "es_smoothing_slope_lon": 0.24978235488803974, "es_damping_slope_lat": 0.8, "es_damping_slope_lon": 0.8000000000000009, "arima_order": [2, 0, 2], "sarimax_order": null, "sarimax_seasonal_order": null}