{"max_speed_kmh": 400.0, "spatial_radius_km": 0.3, "bin_len": 15.0, "tdf.shape[0]": 3018.0, "f_tdf.shape[0]": 2980.0, "fc_tdf.shape[0]": 246.0, "fcu_tdf.shape[0]": 243.0, "curr_ocp": 0.018292682926829267, "target_ocp": 0.01403128447612114, "new_ocp": 0.01402439024390244, "n_train": 144.0, "n_test": 34.0, "n_dims": 11.0, "mean_lat": 47.17532256944445, "mean_long": -122.53250692048611, "std_lat": 0.1105897838451725, "std_long": 0.14574897908678114, "init_lengthscale": 86.0, "init_period_len_1": 1440.0, "init_period_len_2": 10080.0, "log_ll": -137.71707643197885, "m": 21.0, "bic": 379.8002321550537, "gp_runtime": 1.2886128425598145, "ses_smoothing_level": 0.9999999850988325, "holt_smoothing_level_lat": 0.9707763503397047, "holt_smoothing_slope_lat": 0.44566325019888253, "holt_smoothing_level_lon": 0.8626658300252404, "holt_smoothing_slope_lon": 0.5941437714629798, "holt_damping_slope_lat": 0.8, "holt_damping_slope_lon": 0.8, "es_seasonal_periods": 24.0, "es_smoothing_level_lat": 0.9999999850988388, "es_smoothing_slope_lat": 0.4294625681858906, "es_smoothing_level_lon": 0.8180137081601729, "es_smoothing_slope_lon": 0.6520291601259897, "es_damping_slope_lat": 0.8, "es_damping_slope_lon": 0.8, "arima_order": [2, 1, 0], "sarimax_order": null, "sarimax_seasonal_order": null}