{"max_speed_kmh": 200.0, "spatial_radius_km": 0.3, "tdf.shape[0]": 10493.0, "f_tdf.shape[0]": 10002.0, "fc_tdf.shape[0]": 1305.0, "fcu_tdf.shape[0]": 1302.0, "n_train_orig": 320.0, "n_test_orig": 15.0, "n_dims_orig": 13.0, "n_train_PM": 525.0, "n_test_PM": 226.0, "n_dims_PM": 13.0, "n_train_PM_comp": 327.0, "n_test_PM_comp": 8.0, "n_dims_PM_comp": 13.0, "mean_lat": 47.23071147290114, "mean_long": -122.36908376544582, "std_lat": 0.12659154916963647, "std_long": 0.10225197583116602, "init_lengthscale": 119.31441717791411, "init_period_len_1": 1440.0, "init_period_len_2": 10080.0, "log_ll": 261.4205133513585, "m": 47.0, "bic": -250.7128986705461, "bics_PM": [