{"max_speed_kmh": 200.0, "spatial_radius_km": 0.3, "bin_len": 60.0, "tdf.shape[0]": 11301.0, "f_tdf.shape[0]": 10963.0, "fc_tdf.shape[0]": 3405.0, "fcu_tdf.shape[0]": 3392.0, "curr_ocp": 0.23976172747580043, "target_ocp": 0.1, "new_ocp": 0.09977661950856292, "n_train": 1200.0, "n_test": 1614.0, "n_dims": 13.0, "mean_lat": 47.785489407809045, "mean_long": -122.22716213029703, "std_lat": 0.03305737974266166, "std_long": 0.02159777674039852, "init_lengthscale": 33.601751459549625, "init_period_len_1": 1440.0, "init_period_len_2": 10080.0, "log_ll": -1678.2982609294493, "m": 23.0, "bic": 3519.6682890817488, "gp_runtime": 13.733005046844482, "ses_smoothing_level": 0.9999999850988388, "holt_smoothing_level_lat": 0.999999985096929, "holt_smoothing_slope_lat": 6.1168485907599375e-12, "holt_smoothing_level_lon": 0.9999999850987101, "holt_smoothing_slope_lon": 1.521420570800888e-13, "holt_damping_slope_lat": 0.841573687489092, "holt_damping_slope_lon": 0.8358513484663114, "es_seasonal_periods": 24.0, "es_smoothing_level_lat": 0.9999999850988388, "es_smoothing_slope_lat": 0.0, "es_smoothing_level_lon": 0.9999999850983405, "es_smoothing_slope_lon": 5.788327287347925e-13, "es_damping_slope_lat": 0.8591324468875589, "es_damping_slope_lon": 0.8460385524885118, "arima_order": [2, 0, 2], "sarimax_order": [2, 0, 2], "sarimax_seasonal_order": [0, 0, 0, 24]}