{"max_speed_kmh": 400.0, "spatial_radius_km": 0.3, "bin_len": 15.0, "tdf.shape[0]": 11451.0, "f_tdf.shape[0]": 11403.0, "fc_tdf.shape[0]": 2275.0, "fcu_tdf.shape[0]": 2275.0, "curr_ocp": 0.047610681658468025, "target_ocp": 0.005414768869883078, "new_ocp": 0.005400192864030858, "n_train": 199.0, "n_test": 1640.0, "n_dims": 13.0, "mean_lat": 47.11881331493822, "mean_long": -122.35489692298601, "std_lat": 0.03652171102876103, "std_long": 0.06503599285776711, "init_lengthscale": 196.39646464646464, "init_period_len_1": 1440.0, "init_period_len_2": 10080.0, "log_ll": -192.01131686324084, "m": 23.0, "bic": 505.768644695145, "gp_runtime": 2.5231027603149414, "ses_smoothing_level": 0.9999999850988388, "holt_smoothing_level_lat": 0.9999999850988388, "holt_smoothing_slope_lat": 6.538697359110172e-15, "holt_smoothing_level_lon": 0.9944126468019183, "holt_smoothing_slope_lon": 0.0, "holt_damping_slope_lat": 0.8626190084113876, "holt_damping_slope_lon": 0.8341635767136587, "es_seasonal_periods": 24.0, "es_smoothing_level_lat": 0.9919290709033044, "es_smoothing_slope_lat": 0.0, "es_smoothing_level_lon": 0.9741347485313944, "es_smoothing_slope_lon": 4.3687824180571035e-13, "es_damping_slope_lat": 0.9237624834323981, "es_damping_slope_lon": 0.8909720473767052, "arima_order": [2, 0, 1], "sarimax_order": null, "sarimax_seasonal_order": null}