model,MAE,RMSE,MAD,MAPE,MAXAPE,TAPE,PCM,DF,AREA,CL,DTW,MSE
MTGP_Comp,0.3204382565492203,1.4129723033212787,0.6763180006790213,31.59819302551194,12276.315840578798,51821.03656183957,124.54562472675241,6.007765837808663,51960.12764986586,95.65751237523772,1051.0374814814422,0.49912268248825997
MTGP_RBF,0.28556694707530184,1.324979163268995,0.6396900696590014,1041.0256958260873,12328.337614002345,1707282.1411547828,1184729716541648.5,5.883642627383876,47849.33105256458,,936.6595864069902,0.43889244577425146
SES,0.37729207287000877,1.4761896473202327,0.822253614842455,2.1641578974853606,15.355884456215591,3549.218951875991,,5.389514635841721,32929.435812717056,,1237.5179990136285,0.5447839687138583
Holt,0.37729167874930586,1.4761889772364087,0.8222522663873768,2.164159702459502,15.35591707226474,3549.221912033583,,5.3895156634378365,32929.39433996688,,1237.5167062977239,0.5447834741285686
ES,0.4131383170236418,1.5458056649206835,0.9945231860552602,6.237252188682183,857.0912794166866,10229.09358943878,374.7452020077622,5.7283515032754515,44493.164134554536,,1355.0936798375446,0.5973787884252191
ARIMA,0.2851018524225261,1.3243705990542425,0.6264998638000083,59.48576672267437,608.2646741542229,97556.65742518596,,5.871200705520029,47297.24425351224,,935.1340759458853,0.4384893709098232
SARIMAX,0.28556074075797294,1.324942696165575,0.6391354162715295,inf,inf,inf,,5.884843951139944,47906.88500311834,inf,936.6392296861503,0.43886828703062586
