{"max_speed_kmh": 400.0, "spatial_radius_km": 0.3, "bin_len": 360.0, "tdf.shape[0]": 18330.0, "f_tdf.shape[0]": 17610.0, "fc_tdf.shape[0]": 5507.0, "fcu_tdf.shape[0]": 5493.0, "curr_ocp": 0.6008403361344538, "target_ocp": 0.2, "new_ocp": 0.19747899159663865, "n_train": 1410.0, "n_test": 2861.0, "n_dims": 13.0, "mean_lat": 47.30218731475683, "mean_long": -122.55383450139523, "std_lat": 0.07200878611321554, "std_long": 0.07183028273819622, "init_lengthscale": 30.34279630943932, "init_period_len_1": 1440.0, "init_period_len_2": 10080.0, "log_ll": -1573.0217250615588, "m": 23.0, "bic": 3312.8243847406784, "gp_runtime": 33.690555572509766, "ses_smoothing_level": 0.9999999850988388, "holt_smoothing_level_lat": 0.938904688180552, "holt_smoothing_slope_lat": 0.26695809283363875, "holt_smoothing_level_lon": 0.9999999850988388, "holt_smoothing_slope_lon": 0.1910320036458106, "holt_damping_slope_lat": 0.8, "holt_damping_slope_lon": 0.8, "es_seasonal_periods": 24.0, "es_smoothing_level_lat": 0.9371174779708176, "es_smoothing_slope_lat": 0.27123648449475257, "es_smoothing_level_lon": 0.9999999850988388, "es_smoothing_slope_lon": 0.1918057343241486, "es_damping_slope_lat": 0.8000000000000383, "es_damping_slope_lon": 0.800000000000034, "arima_order": [2, 0, 2], "sarimax_order": null, "sarimax_seasonal_order": null}