{"max_speed_kmh": 400.0, "spatial_radius_km": 0.3, "bin_len": 1440.0, "tdf.shape[0]": 12255.0, "f_tdf.shape[0]": 11883.0, "fc_tdf.shape[0]": 2015.0, "fcu_tdf.shape[0]": 2002.0, "curr_ocp": 0.9333333333333333, "target_ocp": 0.5, "new_ocp": 0.4915254237288136, "n_train": 707.0, "n_test": 648.0, "n_dims": 13.0, "mean_lat": 47.5299568118584, "mean_long": -122.28698051760162, "std_lat": 0.05141305916878294, "std_long": 0.035133404826436745, "init_lengthscale": 59.79674220963173, "init_period_len_1": 1440.0, "init_period_len_2": 10080.0, "log_ll": -894.6090674601317, "m": 23.0, "bic": 1940.1218402358845, "gp_runtime": 6.177999496459961, "ses_smoothing_level": 0.9999999850576375, "holt_smoothing_level_lat": 0.9999999850987922, "holt_smoothing_slope_lat": 0.5602388648252212, "holt_smoothing_level_lon": 0.9999999850988313, "holt_smoothing_slope_lon": 0.4044861850086097, "holt_damping_slope_lat": 0.8000000000000349, "holt_damping_slope_lon": 0.800000000000001, "es_seasonal_periods": 24.0, "es_smoothing_level_lat": 0.9999999850988388, "es_smoothing_slope_lat": 0.5341439255024399, "es_smoothing_level_lon": 0.9999999850988388, "es_smoothing_slope_lon": 0.3731353074754311, "es_damping_slope_lat": 0.8000000000021706, "es_damping_slope_lon": 0.800000000000179, "arima_order": [2, 0, 2], "sarimax_order": null, "sarimax_seasonal_order": null}