{"max_speed_kmh": 400.0, "spatial_radius_km": 0.3, "bin_len": 1440.0, "tdf.shape[0]": 8995.0, "f_tdf.shape[0]": 8720.0, "fc_tdf.shape[0]": 3242.0, "fcu_tdf.shape[0]": 3067.0, "curr_ocp": 0.8461538461538461, "target_ocp": 0.2, "new_ocp": 0.1875, "n_train": 340.0, "n_test": 2114.0, "n_dims": 13.0, "mean_lat": 47.92933435863971, "mean_long": -122.1596582569853, "std_lat": 0.12050565327076655, "std_long": 0.053624525090448946, "init_lengthscale": 101.53097345132744, "init_period_len_1": 1440.0, "init_period_len_2": 10080.0, "log_ll": -481.758245814941, "m": 23.0, "bic": 1097.5822408349168, "gp_runtime": 3.246772527694702, "ses_smoothing_level": 0.9999999850988373, "holt_smoothing_level_lat": 0.9999999850988388, "holt_smoothing_slope_lat": 0.5088245821321876, "holt_smoothing_level_lon": 0.9999999850988387, "holt_smoothing_slope_lon": 0.16385955610301678, "holt_damping_slope_lat": 0.8608254237896358, "holt_damping_slope_lon": 0.8000000000000003, "es_seasonal_periods": 24.0, "es_smoothing_level_lat": 0.9999999850988386, "es_smoothing_slope_lat": 0.5397631545005668, "es_smoothing_level_lon": 0.9999999850910058, "es_smoothing_slope_lon": 7.537515740083186e-12, "es_damping_slope_lat": 0.8583062869329123, "es_damping_slope_lon": 0.9949999998786413, "arima_order": [2, 0, 1], "sarimax_order": null, "sarimax_seasonal_order": null}