{"max_speed_kmh": 400.0, "spatial_radius_km": 0.3, "bin_len": 15.0, "tdf.shape[0]": 10753.0, "f_tdf.shape[0]": 10720.0, "fc_tdf.shape[0]": 7543.0, "fcu_tdf.shape[0]": 3376.0, "curr_ocp": 0.4921875, "target_ocp": 0.1, "new_ocp": 0.0999129677980853, "n_train": 662.0, "n_test": 2714.0, "n_dims": 13.0, "mean_lat": 47.895292759496336, "mean_long": -122.22989007596594, "std_lat": 0.04156708152052943, "std_long": 0.019185185191211474, "init_lengthscale": 65.18456883509833, "init_period_len_1": 1440.0, "init_period_len_2": 10080.0, "log_ll": -649.1619147056507, "m": 23.0, "bic": 1447.7149371978526, "gp_runtime": 4.231202840805054, "ses_smoothing_level": 0.7751825969896332, "holt_smoothing_level_lat": 0.7719181301973344, "holt_smoothing_slope_lat": 0.0, "holt_smoothing_level_lon": 0.7568986887400393, "holt_smoothing_slope_lon": 1.747732014500561e-09, "holt_damping_slope_lat": 0.8186767650974103, "holt_damping_slope_lon": 0.8181152571680704, "es_seasonal_periods": 24.0, "es_smoothing_level_lat": 0.7547197799674462, "es_smoothing_slope_lat": 0.0, "es_smoothing_level_lon": 0.7530587232867739, "es_smoothing_slope_lon": 0.0, "es_damping_slope_lat": 0.8287372391675104, "es_damping_slope_lon": 0.8357929201994895, "arima_order": [2, 0, 1], "sarimax_order": null, "sarimax_seasonal_order": null}