{"max_speed_kmh": 400.0, "spatial_radius_km": 0.3, "bin_len": 10080.0, "tdf.shape[0]": 11301.0, "f_tdf.shape[0]": 10995.0, "fc_tdf.shape[0]": 3406.0, "fcu_tdf.shape[0]": 3393.0, "curr_ocp": 1.0, "target_ocp": 0.5, "new_ocp": 0.5, "n_train": 1257.0, "n_test": 1557.0, "n_dims": 13.0, "mean_lat": 47.782975471704155, "mean_long": -122.22648513748554, "std_lat": 0.03642033412783998, "std_long": 0.022204295997128785, "init_lengthscale": 32.07683121019108, "init_period_len_1": 1440.0, "init_period_len_2": 10080.0, "log_ll": -1727.51512619418, "m": 23.0, "bic": 3619.169366185936, "gp_runtime": 14.625913619995117, "ses_smoothing_level": 0.9999999850988388, "holt_smoothing_level_lat": 0.9999999850988388, "holt_smoothing_slope_lat": 0.0, "holt_smoothing_level_lon": 0.9999999850988388, "holt_smoothing_slope_lon": 0.4049051040139807, "holt_damping_slope_lat": 0.980837510724129, "holt_damping_slope_lon": 0.8000000000005478, "es_seasonal_periods": 24.0, "es_smoothing_level_lat": 0.9999999850969583, "es_smoothing_slope_lat": 0.12381346054251577, "es_smoothing_level_lon": 0.9999999850988388, "es_smoothing_slope_lon": 0.4068406956775532, "es_damping_slope_lat": 0.8000000000008376, "es_damping_slope_lon": 0.8000000000013691, "arima_order": [2, 0, 1], "sarimax_order": null, "sarimax_seasonal_order": null}