{"max_speed_kmh": 400.0, "spatial_radius_km": 0.3, "bin_len": 30.0, "tdf.shape[0]": 7525.0, "f_tdf.shape[0]": 7239.0, "fc_tdf.shape[0]": 1903.0, "fcu_tdf.shape[0]": 1893.0, "curr_ocp": 0.10283315844700944, "target_ocp": 0.1, "new_ocp": 0.09968520461699895, "n_train": 1511.0, "n_test": 66.0, "n_dims": 13.0, "mean_lat": 47.79469619050239, "mean_long": -122.27092447563054, "std_lat": 0.045560543038065796, "std_long": 0.032268598994829416, "init_lengthscale": 28.39205298013245, "init_period_len_1": 1440.0, "init_period_len_2": 10080.0, "log_ll": -2063.9225879570295, "m": 23.0, "bic": 4296.217296046332, "gp_runtime": 11.576536178588867, "ses_smoothing_level": 0.9999999850975752, "holt_smoothing_level_lat": 0.9475766771725771, "holt_smoothing_slope_lat": 0.268215418783475, "holt_smoothing_level_lon": 0.9999999850987427, "holt_smoothing_slope_lon": 0.30432317955580546, "holt_damping_slope_lat": 0.8, "holt_damping_slope_lon": 0.8000000000001748, "es_seasonal_periods": 24.0, "es_smoothing_level_lat": 0.944145564893098, "es_smoothing_slope_lat": 0.2748532575671245, "es_smoothing_level_lon": 0.9999999850988388, "es_smoothing_slope_lon": 0.301107210630483, "es_damping_slope_lat": 0.8000000000000375, "es_damping_slope_lon": 0.8000000002594619, "arima_order": [2, 0, 2], "sarimax_order": null, "sarimax_seasonal_order": null}