{"max_speed_kmh": 400.0, "spatial_radius_km": 0.3, "bin_len": 360.0, "tdf.shape[0]": 11301.0, "f_tdf.shape[0]": 10995.0, "fc_tdf.shape[0]": 3406.0, "fcu_tdf.shape[0]": 3393.0, "curr_ocp": 0.5892857142857143, "target_ocp": 0.3, "new_ocp": 0.29910714285714285, "n_train": 1614.0, "n_test": 1200.0, "n_dims": 13.0, "mean_lat": 47.78321591371383, "mean_long": -122.22617974356642, "std_lat": 0.035312393460369004, "std_long": 0.021979248774649508, "init_lengthscale": 24.977371357718535, "init_period_len_1": 1440.0, "init_period_len_2": 10080.0, "log_ll": -2223.6285301782846, "m": 23.0, "bic": 4617.145889879656, "gp_runtime": 34.31404399871826, "ses_smoothing_level": 0.9999999850977104, "holt_smoothing_level_lat": 0.9999999848592126, "holt_smoothing_slope_lat": 2.2646430970704918e-10, "holt_smoothing_level_lon": 0.9999999846774353, "holt_smoothing_slope_lon": 4.6423625569334254e-10, "holt_damping_slope_lat": 0.9839779476361609, "holt_damping_slope_lon": 0.9881607643798085, "es_seasonal_periods": 24.0, "es_smoothing_level_lat": 0.9999999850988373, "es_smoothing_slope_lat": 0.03244159499717349, "es_smoothing_level_lon": 0.9999999849854364, "es_smoothing_slope_lon": 0.14318264381174833, "es_damping_slope_lat": 0.8000000000000006, "es_damping_slope_lon": 0.8000000000986942, "arima_order": [2, 0, 1], "sarimax_order": null, "sarimax_seasonal_order": null}