{"max_speed_kmh": 400.0, "spatial_radius_km": 0.3, "bin_len": 30.0, "tdf.shape[0]": 10493.0, "f_tdf.shape[0]": 10053.0, "fc_tdf.shape[0]": 1309.0, "fcu_tdf.shape[0]": 1306.0, "curr_ocp": 0.06164623467600701, "target_ocp": 0.010525308879147552, "new_ocp": 0.010385756676557863, "n_train": 180.0, "n_test": 892.0, "n_dims": 13.0, "mean_lat": 47.24617282998861, "mean_long": -122.36895521754558, "std_lat": 0.14233648120165762, "std_long": 0.12434683321283169, "init_lengthscale": 225.8631284916201, "init_period_len_1": 1440.0, "init_period_len_2": 10080.0, "log_ll": -211.48454161738988, "m": 23.0, "bic": 542.4070908052546, "gp_runtime": 1.340770959854126, "ses_smoothing_level": 0.9893221642077785, "holt_smoothing_level_lat": 0.9615110469638961, "holt_smoothing_slope_lat": 0.007207771940998263, "holt_smoothing_level_lon": 0.9953504649954943, "holt_smoothing_slope_lon": 0.0, "holt_damping_slope_lat": 0.8, "holt_damping_slope_lon": 0.8000000000000133, "es_seasonal_periods": 24.0, "es_smoothing_level_lat": 0.9395354582574256, "es_smoothing_slope_lat": 0.035761243273356336, "es_smoothing_level_lon": 0.9999999850988388, "es_smoothing_slope_lon": 0.0, "es_damping_slope_lat": 0.8000000000000014, "es_damping_slope_lon": 0.8000000000000035, "arima_order": [0, 1, 0], "sarimax_order": null, "sarimax_seasonal_order": null}