{"max_speed_kmh": 200.0, "spatial_radius_km": 0.3, "tdf.shape[0]": 9002.0, "f_tdf.shape[0]": 8855.0, "fc_tdf.shape[0]": 571.0, "fcu_tdf.shape[0]": 561.0, "n_train_orig": 213.0, "n_test_orig": 38.0, "n_dims_orig": 13.0, "n_train_PM": 198.0, "n_test_PM": 86.0, "n_dims_PM": 13.0, "n_train_PM_comp": 232.0, "n_test_PM_comp": 19.0, "n_dims_PM_comp": 13.0, "mean_lat": 47.57793867514986, "mean_long": -122.08486101105537, "std_lat": 0.05305993253549116, "std_long": 0.09687360734803951, "init_lengthscale": 180.78571428571428, "init_period_len_1": 1440.0, "init_period_len_2": 10080.0, "log_ll": -54.28136144664225, "m": 47.0, "bic": 364.55937936160103, "bics_PM": [