{"max_speed_kmh": 200.0, "spatial_radius_km": 0.3, "tdf.shape[0]": 56570.0, "f_tdf.shape[0]": 54584.0, "fc_tdf.shape[0]": 7818.0, "fcu_tdf.shape[0]": 7555.0, "n_train_orig": 1189.0, "n_test_orig": 211.0, "n_dims_orig": 13.0, "n_train_PM": 3325.0, "n_test_PM": 1426.0, "n_dims_PM": 13.0, "n_train_PM_comp": 1294.0, "n_test_PM_comp": 106.0, "n_dims_PM_comp": 13.0, "mean_lat": 47.16793651035104, "mean_long": -122.11540464692813, "std_lat": 0.039022517458128264, "std_long": 0.0632565194724512, "init_lengthscale": 55.69721577726218, "init_period_len_1": 1440.0, "init_period_len_2": 10080.0, "log_ll": -263.7787727885799, "m": 47.0, "bic": 864.3357389050195, "bics_PM": [