{"max_speed_kmh": 200.0, "spatial_radius_km": 0.3, "tdf.shape[0]": 18832.0, "f_tdf.shape[0]": 18363.0, "fc_tdf.shape[0]": 2436.0, "fcu_tdf.shape[0]": 2426.0, "n_train_orig": 936.0, "n_test_orig": 8.0, "n_dims_orig": 13.0, "n_train_PM": 745.0, "n_test_PM": 320.0, "n_dims_PM": 13.0, "n_train_PM_comp": 940.0, "n_test_PM_comp": 4.0, "n_dims_PM_comp": 13.0, "mean_lat": 47.462642937658956, "mean_long": -122.34694869628157, "std_lat": 0.12401750185924364, "std_long": 0.17668423284192358, "init_lengthscale": 91.27742279020234, "init_period_len_1": 1440.0, "init_period_len_2": 10080.0, "log_ll": 320.9805231790748, "m": 47.0, "bic": -320.2046922207393, "bics_PM": [