model,MAE,RMSE,MAD,MAPE,MAXAPE,TAPE,PCM,DF,AREA,CL,DTW,MSE
MTGP_Comp,0.28120746807037544,1.203656584581471,0.5617825322854146,7.807525441779546,210.53172598226115,827.5976968286319,8.35463999638556,4.800675728472512,34425.95012093683,,59.61598323091961,0.3621972934015829
MTGP_RBF,0.23760162858407846,0.7918803312655474,0.6390981267544293,4816.1804942579765,10954.154654553993,510515.13239134557,,1.1081151909665228,49106.07876914149,,50.371545259824615,0.15676861476130827
SES,0.32775368189153914,1.1474776120595238,0.8097606578139422,2.1212501121277416,11.952529415981475,224.85251188554062,95.65227581330782,1.5239862465986627,52051.6182279591,,69.48378056100631,0.32917621754445664
Holt,0.4713161756845572,1.6206135049382897,1.426885705072956,1.720892242516109,12.784000470847388,182.41457770670755,84.46537052359386,1.8589242954482104,77300.97819486196,,99.91902924512613,0.6565970330970919
ES,0.4853856535584252,1.6914279971348827,1.5298134873282234,1.7498926427513377,11.031808745472473,185.4886201316418,88.66729225164987,1.8841464331044784,79943.10972040304,,102.90175855438613,0.7152321673729302
ARIMA,0.23429251637087967,0.786809299195455,0.6259345718717796,518.679194459978,1221.1049581991274,54979.99461275768,72.42345824199235,1.1069937357295694,48891.894698820484,,49.67001347062647,0.1547672183251108
SARIMAX,0.2343091765361629,0.7871631199396577,0.6247920032850902,inf,inf,inf,72.41307641087394,1.1073009550145931,48878.88956374614,,49.67354542566652,0.154906444348284
