{"max_speed_kmh": 400.0, "spatial_radius_km": 0.3, "bin_len": 360.0, "tdf.shape[0]": 16625.0, "f_tdf.shape[0]": 16070.0, "fc_tdf.shape[0]": 2992.0, "fcu_tdf.shape[0]": 2958.0, "curr_ocp": 0.425, "target_ocp": 0.3, "new_ocp": 0.29957805907172996, "n_train": 1301.0, "n_test": 1175.0, "n_dims": 13.0, "mean_lat": 47.45969476898709, "mean_long": -122.34294050774017, "std_lat": 0.13842633344383626, "std_long": 0.2167375495224722, "init_lengthscale": 32.74038461538461, "init_period_len_1": 1440.0, "init_period_len_2": 10080.0, "log_ll": -1409.751712073601, "m": 23.0, "bic": 2984.43385915299, "gp_runtime": 21.46610403060913, "ses_smoothing_level": 0.9999999850987831, "holt_smoothing_level_lat": 0.9999999850988388, "holt_smoothing_slope_lat": 0.0, "holt_smoothing_level_lon": 0.9999999850988388, "holt_smoothing_slope_lon": 6.827563495034594e-14, "holt_damping_slope_lat": 0.9939787250250112, "holt_damping_slope_lon": 0.8097769605335577, "es_seasonal_periods": 24.0, "es_smoothing_level_lat": 0.9999999850977603, "es_smoothing_slope_lat": 0.0, "es_smoothing_level_lon": 0.9999999850987418, "es_smoothing_slope_lon": 0.0, "es_damping_slope_lat": 0.9939542697387547, "es_damping_slope_lon": 0.8180317053809004, "arima_order": [2, 0, 1], "sarimax_order": null, "sarimax_seasonal_order": null}