{"max_speed_kmh": 400.0, "spatial_radius_km": 0.3, "bin_len": 1440.0, "tdf.shape[0]": 13492.0, "f_tdf.shape[0]": 12829.0, "fc_tdf.shape[0]": 4713.0, "fcu_tdf.shape[0]": 4649.0, "curr_ocp": 0.9166666666666666, "target_ocp": 0.4, "new_ocp": 0.39285714285714285, "n_train": 1168.0, "n_test": 2722.0, "n_dims": 13.0, "mean_lat": 47.55375982518256, "mean_long": -122.0147160051445, "std_lat": 0.1052603898861709, "std_long": 0.16275335835140883, "init_lengthscale": 34.115252784918596, "init_period_len_1": 1440.0, "init_period_len_2": 10080.0, "log_ll": -1529.4743466688246, "m": 23.0, "bic": 3221.3988010955773, "gp_runtime": 27.19270896911621, "ses_smoothing_level": 0.9999999850988388, "holt_smoothing_level_lat": 0.9999999850988388, "holt_smoothing_slope_lat": 1.5169146032855063e-12, "holt_smoothing_level_lon": 0.9999999850988326, "holt_smoothing_slope_lon": 1.2805126770293972e-15, "holt_damping_slope_lat": 0.9752914991076046, "holt_damping_slope_lon": 0.9698555299807816, "es_seasonal_periods": 24.0, "es_smoothing_level_lat": 0.9999999850988388, "es_smoothing_slope_lat": 0.0, "es_smoothing_level_lon": 0.9913968747157612, "es_smoothing_slope_lon": 0.05537863887575364, "es_damping_slope_lat": 0.9745154279634584, "es_damping_slope_lon": 0.8, "arima_order": [2, 0, 1], "sarimax_order": null, "sarimax_seasonal_order": null}