model,MAE,RMSE,MAD,MAPE,MAXAPE,TAPE,PCM,DF,AREA,CL,DTW,MSE
MTGP_Comp,0.2040407259923664,1.0685699715000332,0.2680217471904556,5.561366385533197,993.2608618143971,2814.0513910797977,87.51078049171095,4.827627853788073,40031.61339385743,,206.48921470427456,0.2854604459978955
MTGP_RBF,0.24286014978258447,0.9541760145151521,0.5437449618654228,169.9604257721493,1442.2427591108235,85999.97544070754,,3.776403640595032,50832.34753975514,91.20932195983691,245.7744715799754,0.22761296666900493
SES,0.13970388312344886,0.988216218970092,0.06573863260616052,1.055224608233256,14.512635834561442,533.9436517660275,,3.8376661136780745,27779.182484189365,,141.38032972093015,0.2441428238588863
Holt,0.15800423130445618,1.023383182008238,0.13267051451109957,1.0485453077718654,12.90944966116736,530.5639257325638,,3.881804650909843,31171.156770774123,,159.9002820801095,0.26182828430432664
ES,0.16204743829250665,1.0212269384788457,0.15249079008578062,1.115721939010881,13.782758150534056,564.5553011395058,476.02533238780666,3.8041386541905857,31133.221492875764,,163.99200755201667,0.2607261149687191
ARIMA,0.231638912924941,0.9430434550478077,0.49996648360603263,24.886019198992155,201.2945318803179,12592.32571469003,9623043817496152.0,3.7704488874519835,48546.69408096103,,234.41857988004028,0.2223327395271266
SARIMAX,0.24031246889158683,0.9501230184899055,0.536685318148602,inf,inf,inf,1.0134115361206026e+16,3.7658420235967185,50343.35166384744,,243.19621851828606,0.22568343756609233
