{"max_speed_kmh": 400.0, "spatial_radius_km": 0.3, "bin_len": 360.0, "tdf.shape[0]": 9008.0, "f_tdf.shape[0]": 8607.0, "fc_tdf.shape[0]": 3012.0, "fcu_tdf.shape[0]": 2963.0, "curr_ocp": 0.5983263598326359, "target_ocp": 0.4, "new_ocp": 0.39748953974895396, "n_train": 1574.0, "n_test": 931.0, "n_dims": 13.0, "mean_lat": 47.80507664322988, "mean_long": -122.24363300316702, "std_lat": 0.12785369248514325, "std_long": 0.14731729124637125, "init_lengthscale": 27.28099173553719, "init_period_len_1": 1440.0, "init_period_len_2": 10080.0, "log_ll": -2089.1450932875664, "m": 23.0, "bic": 4347.601821441612, "gp_runtime": 42.10208201408386, "ses_smoothing_level": 0.9999999850988388, "holt_smoothing_level_lat": 0.9999999850988377, "holt_smoothing_slope_lat": 0.10564632038689517, "holt_smoothing_level_lon": 0.9999999850988388, "holt_smoothing_slope_lon": 0.03173154843667611, "holt_damping_slope_lat": 0.8274586099272209, "holt_damping_slope_lon": 0.8, "es_seasonal_periods": 24.0, "es_smoothing_level_lat": 0.9999999850988388, "es_smoothing_slope_lat": 0.10126467782733443, "es_smoothing_level_lon": 0.9999999850988384, "es_smoothing_slope_lon": 0.03426340658774139, "es_damping_slope_lat": 0.8370871669341956, "es_damping_slope_lon": 0.8, "arima_order": [2, 0, 1], "sarimax_order": null, "sarimax_seasonal_order": null}