{"max_speed_kmh": 200.0, "spatial_radius_km": 0.3, "bin_len": 5.0, "tdf.shape[0]": 3018.0, "f_tdf.shape[0]": 2976.0, "fc_tdf.shape[0]": 246.0, "fcu_tdf.shape[0]": 243.0, "curr_ocp": 0.012195121951219513, "target_ocp": 0.004636693532315279, "new_ocp": 0.004069175991861648, "n_train": 65.0, "n_test": 113.0, "n_dims": 11.0, "mean_lat": 47.18319107230769, "mean_long": -122.51839251307692, "std_lat": 0.10927536262713734, "std_long": 0.13697245703907424, "init_lengthscale": 191.9609375, "init_period_len_1": 1440.0, "init_period_len_2": 10080.0, "log_ll": -57.182558688099434, "m": 21.0, "bic": 202.02725004400725, "gp_runtime": 0.7892749309539795, "ses_smoothing_level": 0.9999999850988387, "holt_smoothing_level_lat": 0.9999999850988385, "holt_smoothing_slope_lat": 0.016704847368359366, "holt_smoothing_level_lon": 0.999999985098838, "holt_smoothing_slope_lon": 1.5594703850579907e-16, "holt_damping_slope_lat": 0.8997875240662303, "holt_damping_slope_lon": 0.8990337148860617, "es_seasonal_periods": 24.0, "es_smoothing_level_lat": 0.9999999850988078, "es_smoothing_slope_lat": 0.06215725316918484, "es_smoothing_level_lon": 0.9999999850988387, "es_smoothing_slope_lon": 0.12569528920821382, "es_damping_slope_lat": 0.9169558596459024, "es_damping_slope_lon": 0.8000000000000004, "arima_order": [0, 1, 0], "sarimax_order": null, "sarimax_seasonal_order": null}