{"max_speed_kmh": 400.0, "spatial_radius_km": 0.3, "bin_len": 360.0, "tdf.shape[0]": 8551.0, "f_tdf.shape[0]": 8317.0, "fc_tdf.shape[0]": 3141.0, "fcu_tdf.shape[0]": 3141.0, "curr_ocp": 0.4686192468619247, "target_ocp": 0.3, "new_ocp": 0.29707112970711297, "n_train": 1596.0, "n_test": 937.0, "n_dims": 13.0, "mean_lat": 48.041318519109055, "mean_long": -122.18418529707569, "std_lat": 0.07178754898021619, "std_long": 0.018984658838663526, "init_lengthscale": 26.892476489028212, "init_period_len_1": 1440.0, "init_period_len_2": 10080.0, "log_ll": -2109.1757716258207, "m": 23.0, "bic": 4387.982426145866, "gp_runtime": 31.942935705184937, "ses_smoothing_level": 0.9999999850984844, "holt_smoothing_level_lat": 0.9999999850569249, "holt_smoothing_slope_lat": 0.19330854842288464, "holt_smoothing_level_lon": 0.9999999850988388, "holt_smoothing_slope_lon": 0.34697531558631395, "holt_damping_slope_lat": 0.8, "holt_damping_slope_lon": 0.8, "es_seasonal_periods": 24.0, "es_smoothing_level_lat": 0.9999999850988388, "es_smoothing_slope_lat": 0.19387668579262163, "es_smoothing_level_lon": 0.9999999850985658, "es_smoothing_slope_lon": 0.3387746224266097, "es_damping_slope_lat": 0.8, "es_damping_slope_lon": 0.8000000000056984, "arima_order": [2, 0, 1], "sarimax_order": null, "sarimax_seasonal_order": null}