{"max_speed_kmh": 400.0, "spatial_radius_km": 0.3, "bin_len": 10080.0, "tdf.shape[0]": 9056.0, "f_tdf.shape[0]": 9047.0, "fc_tdf.shape[0]": 2554.0, "fcu_tdf.shape[0]": 2545.0, "curr_ocp": 1.0, "target_ocp": 0.4, "new_ocp": 0.3333333333333333, "n_train": 571.0, "n_test": 1409.0, "n_dims": 13.0, "mean_lat": 48.20376005282468, "mean_long": -122.21192928117473, "std_lat": 0.05318981065572832, "std_long": 0.14198083873026732, "init_lengthscale": 48.170175438596495, "init_period_len_1": 1440.0, "init_period_len_2": 10080.0, "log_ll": -808.449797816152, "m": 23.0, "bic": 1762.8895474543922, "gp_runtime": 3.3246333599090576, "ses_smoothing_level": 0.9999999850973111, "holt_smoothing_level_lat": 0.9999999850988388, "holt_smoothing_slope_lat": 0.0, "holt_smoothing_level_lon": 0.9999999850988387, "holt_smoothing_slope_lon": 0.12865911018321508, "holt_damping_slope_lat": 0.9708566646157278, "holt_damping_slope_lon": 0.8, "es_seasonal_periods": 24.0, "es_smoothing_level_lat": 0.9999999850988386, "es_smoothing_slope_lat": 0.20010661184155568, "es_smoothing_level_lon": 0.9815781251382143, "es_smoothing_slope_lon": 0.14490379439039847, "es_damping_slope_lat": 0.8, "es_damping_slope_lon": 0.8000000000001766, "arima_order": [2, 0, 1], "sarimax_order": null, "sarimax_seasonal_order": null}