{"max_speed_kmh": 400.0, "spatial_radius_km": 0.3, "bin_len": 15.0, "tdf.shape[0]": 5328.0, "f_tdf.shape[0]": 5180.0, "fc_tdf.shape[0]": 1320.0, "fcu_tdf.shape[0]": 1299.0, "curr_ocp": 0.0507703081232493, "target_ocp": 0.008492672858053203, "new_ocp": 0.00843140699104163, "n_train": 160.0, "n_test": 837.0, "n_dims": 13.0, "mean_lat": 47.000335976195075, "mean_long": -122.39994822464844, "std_lat": 0.12339582903319367, "std_long": 0.27867074344410575, "init_lengthscale": 268.4937106918239, "init_period_len_1": 1440.0, "init_period_len_2": 10080.0, "log_ll": -126.48441763522962, "m": 23.0, "bic": 369.69783302083727, "gp_runtime": 1.0657546520233154, "ses_smoothing_level": 0.9688008614377746, "holt_smoothing_level_lat": 0.981476238747971, "holt_smoothing_slope_lat": 1.5497623785382748e-13, "holt_smoothing_level_lon": 0.999999985098777, "holt_smoothing_slope_lon": 0.0, "holt_damping_slope_lat": 0.8, "holt_damping_slope_lon": 0.8000000000001299, "es_seasonal_periods": 24.0, "es_smoothing_level_lat": 0.9907099047553188, "es_smoothing_slope_lat": 0.0, "es_smoothing_level_lon": 0.9999999850987579, "es_smoothing_slope_lon": 0.0, "es_damping_slope_lat": 0.8000000000000168, "es_damping_slope_lon": 0.8000000000002219, "arima_order": [1, 0, 0], "sarimax_order": null, "sarimax_seasonal_order": null}