{"max_speed_kmh": 200.0, "spatial_radius_km": 0.3, "bin_len": 60.0, "tdf.shape[0]": 9546.0, "f_tdf.shape[0]": 9058.0, "fc_tdf.shape[0]": 3722.0, "fcu_tdf.shape[0]": 3717.0, "curr_ocp": 0.2456263121063681, "target_ocp": 0.1, "new_ocp": 0.1, "n_train": 1360.0, "n_test": 1745.0, "n_dims": 13.0, "mean_lat": 47.567193899908446, "mean_long": -122.03139350444985, "std_lat": 0.07541128570365571, "std_long": 0.11344027571378171, "init_lengthscale": 30.89587932303164, "init_period_len_1": 1440.0, "init_period_len_2": 10080.0, "log_ll": -1929.8604863962964, "m": 23.0, "bic": 4025.671492303385, "gp_runtime": 21.542254209518433, "ses_smoothing_level": 0.9999999850988114, "holt_smoothing_level_lat": 0.9999999850985167, "holt_smoothing_slope_lat": 1.2556974320590042e-12, "holt_smoothing_level_lon": 0.9999999850988388, "holt_smoothing_slope_lon": 0.0, "holt_damping_slope_lat": 0.9625817569385161, "holt_damping_slope_lon": 0.9753174879241296, "es_seasonal_periods": 24.0, "es_smoothing_level_lat": 0.9999999850988388, "es_smoothing_slope_lat": 0.0, "es_smoothing_level_lon": 0.9999999850988388, "es_smoothing_slope_lon": 0.08755801254798848, "es_damping_slope_lat": 0.9624839129090252, "es_damping_slope_lon": 0.8813345488850003, "arima_order": [2, 0, 2], "sarimax_order": [2, 0, 2], "sarimax_seasonal_order": [0, 0, 0, 24]}