{"max_speed_kmh": 400.0, "spatial_radius_km": 0.3, "bin_len": 10080.0, "tdf.shape[0]": 16040.0, "f_tdf.shape[0]": 15568.0, "fc_tdf.shape[0]": 7188.0, "fcu_tdf.shape[0]": 7161.0, "curr_ocp": 1.0, "target_ocp": 0.8, "new_ocp": 0.7777777777777778, "n_train": 4336.0, "n_test": 1427.0, "n_dims": 13.0, "mean_lat": 47.87492583697998, "mean_long": -122.12912832354276, "std_lat": 0.11802213124238528, "std_long": 0.04090785227630699, "init_lengthscale": 9.96320645905421, "init_period_len_1": 1440.0, "init_period_len_2": 10080.0, "log_ll": -6152.376018374149, "m": 23.0, "bic": 12497.370310240045, "gp_runtime": 1088.733760356903, "ses_smoothing_level": 0.9999999850988388, "holt_smoothing_level_lat": 0.9589350541625066, "holt_smoothing_slope_lat": 0.6801923066891308, "holt_smoothing_level_lon": 0.9999999850973398, "holt_smoothing_slope_lon": 0.28882517512641864, "holt_damping_slope_lat": 0.8285949886732449, "holt_damping_slope_lon": 0.8, "es_seasonal_periods": 24.0, "es_smoothing_level_lat": 0.9999999850988388, "es_smoothing_slope_lat": 0.6055137765296166, "es_smoothing_level_lon": 0.9999999850988353, "es_smoothing_slope_lon": 0.28921843735757014, "es_damping_slope_lat": 0.8413517377633632, "es_damping_slope_lon": 0.8000000000000012, "arima_order": [2, 0, 1], "sarimax_order": null, "sarimax_seasonal_order": null}