{"max_speed_kmh": 400.0, "spatial_radius_km": 0.3, "bin_len": 15.0, "tdf.shape[0]": 13929.0, "f_tdf.shape[0]": 13709.0, "fc_tdf.shape[0]": 2356.0, "fcu_tdf.shape[0]": 2346.0, "curr_ocp": 0.09182209469153516, "target_ocp": 0.008911524069229092, "new_ocp": 0.008867667121418827, "n_train": 129.0, "n_test": 1689.0, "n_dims": 13.0, "mean_lat": 47.38762185430899, "mean_long": -122.26300749803475, "std_lat": 0.11359912945601167, "std_long": 0.1007898528257497, "init_lengthscale": 171.78515625, "init_period_len_1": 1440.0, "init_period_len_2": 10080.0, "log_ll": -170.45039606461495, "m": 23.0, "bic": 452.67647742954836, "gp_runtime": 0.6634645462036133, "ses_smoothing_level": 0.8315338916373933, "holt_smoothing_level_lat": 0.8302070624560353, "holt_smoothing_slope_lat": 6.777949123219587e-14, "holt_smoothing_level_lon": 0.9073595016057452, "holt_smoothing_slope_lon": 2.3275110190001846e-12, "holt_damping_slope_lat": 0.8, "holt_damping_slope_lon": 0.9772785070990194, "es_seasonal_periods": 24.0, "es_smoothing_level_lat": 0.838014988881677, "es_smoothing_slope_lat": 0.0, "es_smoothing_level_lon": 0.8925919382119193, "es_smoothing_slope_lon": 0.0, "es_damping_slope_lat": 0.8000000000001386, "es_damping_slope_lon": 0.8798177874068086, "arima_order": [1, 0, 0], "sarimax_order": null, "sarimax_seasonal_order": null}