{"max_speed_kmh": 400.0, "spatial_radius_km": 0.3, "bin_len": 1440.0, "tdf.shape[0]": 19685.0, "f_tdf.shape[0]": 19599.0, "fc_tdf.shape[0]": 5631.0, "fcu_tdf.shape[0]": 5370.0, "curr_ocp": 1.0, "target_ocp": 0.5, "new_ocp": 0.5, "n_train": 2251.0, "n_test": 2148.0, "n_dims": 13.0, "mean_lat": 47.22753345753025, "mean_long": -122.44849446266325, "std_lat": 0.07940839316400425, "std_long": 0.08497054912125233, "init_lengthscale": 19.011333333333333, "init_period_len_1": 1440.0, "init_period_len_2": 10080.0, "log_ll": -2604.4398435581343, "m": 23.0, "bic": 5386.419673457123, "gp_runtime": 137.428386926651, "ses_smoothing_level": 0.9999999850988388, "holt_smoothing_level_lat": 0.990073674289036, "holt_smoothing_slope_lat": 0.26697199728900844, "holt_smoothing_level_lon": 0.9999999850988378, "holt_smoothing_slope_lon": 0.2824001761150334, "holt_damping_slope_lat": 0.8218604513058344, "holt_damping_slope_lon": 0.8, "es_seasonal_periods": 24.0, "es_smoothing_level_lat": 0.9999999850988225, "es_smoothing_slope_lat": 0.25433616584468033, "es_smoothing_level_lon": 0.9999999850988306, "es_smoothing_slope_lon": 0.28470520958944956, "es_damping_slope_lat": 0.8281173947030216, "es_damping_slope_lon": 0.8, "arima_order": [2, 0, 1], "sarimax_order": null, "sarimax_seasonal_order": null}