{"max_speed_kmh": 400.0, "spatial_radius_km": 0.3, "bin_len": 360.0, "tdf.shape[0]": 11993.0, "f_tdf.shape[0]": 11802.0, "fc_tdf.shape[0]": 2264.0, "fcu_tdf.shape[0]": 2252.0, "curr_ocp": 0.6903765690376569, "target_ocp": 0.5, "new_ocp": 0.497907949790795, "n_train": 1339.0, "n_test": 588.0, "n_dims": 13.0, "mean_lat": 47.57621873120587, "mean_long": -122.2127183345413, "std_lat": 0.020463233309812198, "std_long": 0.04786017101155737, "init_lengthscale": 32.03363228699551, "init_period_len_1": 1440.0, "init_period_len_2": 10080.0, "log_ll": -1886.8206670351071, "m": 23.0, "bic": 3939.2339360211113, "gp_runtime": 22.416921854019165, "ses_smoothing_level": 0.9999999850988172, "holt_smoothing_level_lat": 0.9999999850988388, "holt_smoothing_slope_lat": 0.004246301251290559, "holt_smoothing_level_lon": 0.9999999850739253, "holt_smoothing_slope_lon": 0.3260508130806988, "holt_damping_slope_lat": 0.8, "holt_damping_slope_lon": 0.8000000009506557, "es_seasonal_periods": 24.0, "es_smoothing_level_lat": 0.9999999849079331, "es_smoothing_slope_lat": 0.009455894423481255, "es_smoothing_level_lon": 0.9999999850978524, "es_smoothing_slope_lon": 0.3327064902001557, "es_damping_slope_lat": 0.8000022052161068, "es_damping_slope_lon": 0.8000000000011093, "arima_order": [2, 0, 0], "sarimax_order": null, "sarimax_seasonal_order": null}