{"max_speed_kmh": 200.0, "spatial_radius_km": 0.3, "tdf.shape[0]": 14235.0, "f_tdf.shape[0]": 13409.0, "fc_tdf.shape[0]": 1096.0, "fcu_tdf.shape[0]": 1095.0, "n_train_orig": 371.0, "n_test_orig": 137.0, "n_dims_orig": 13.0, "n_train_PM": 366.0, "n_test_PM": 158.0, "n_dims_PM": 13.0, "n_train_PM_comp": 439.0, "n_test_PM_comp": 69.0, "n_dims_PM_comp": 13.0, "mean_lat": 48.14865442377029, "mean_long": -122.15533611962557, "std_lat": 0.036324206942080606, "std_long": 0.056035524069446584, "init_lengthscale": 166.10730593607306, "init_period_len_1": 1440.0, "init_period_len_2": 10080.0, "log_ll": 20.95156463228483, "m": 47.0, "bic": 244.06834314996343, "bics_PM": [