{"max_speed_kmh": 200.0, "spatial_radius_km": 0.3, "bin_len": 5.0, "tdf.shape[0]": 13929.0, "f_tdf.shape[0]": 13685.0, "fc_tdf.shape[0]": 2356.0, "fcu_tdf.shape[0]": 2346.0, "curr_ocp": 0.05797378742944609, "target_ocp": 0.052980323354159656, "new_ocp": 0.05290347268726681, "n_train": 1670.0, "n_test": 147.0, "n_dims": 13.0, "mean_lat": 47.42761757845527, "mean_long": -122.24421462632203, "std_lat": 0.13155499601997853, "std_long": 0.09176720569600513, "init_lengthscale": 15.657279808268424, "init_period_len_1": 1440.0, "init_period_len_2": 10080.0, "log_ll": -2322.0258345176258, "m": 23.0, "bic": 4814.7249838597, "gp_runtime": 50.4716956615448, "ses_smoothing_level": 0.9999999850981444, "holt_smoothing_level_lat": 0.9999999850988388, "holt_smoothing_slope_lat": 0.5598937054347441, "holt_smoothing_level_lon": 0.9999999850988388, "holt_smoothing_slope_lon": 0.48249599403554966, "holt_damping_slope_lat": 0.8505933389635723, "holt_damping_slope_lon": 0.8019288828317684, "es_seasonal_periods": 24.0, "es_smoothing_level_lat": 0.9999999850988388, "es_smoothing_slope_lat": 0.5536768540837489, "es_smoothing_level_lon": 0.9999999850988388, "es_smoothing_slope_lon": 0.4844002431713703, "es_damping_slope_lat": 0.8534999960673078, "es_damping_slope_lon": 0.8019867538697274, "arima_order": [2, 0, 2], "sarimax_order": null, "sarimax_seasonal_order": null}