{"max_speed_kmh": 400.0, "spatial_radius_km": 0.3, "bin_len": 30.0, "tdf.shape[0]": 9002.0, "f_tdf.shape[0]": 8864.0, "fc_tdf.shape[0]": 577.0, "fcu_tdf.shape[0]": 567.0, "curr_ocp": 0.065, "target_ocp": 0.05528874651869707, "new_ocp": 0.055, "n_train": 431.0, "n_test": 67.0, "n_dims": 13.0, "mean_lat": 47.58022128388287, "mean_long": -122.0910082332421, "std_lat": 0.053448778469340034, "std_long": 0.09963444639092459, "init_lengthscale": 97.64883720930233, "init_period_len_1": 1440.0, "init_period_len_2": 10080.0, "log_ll": -605.9936011716015, "m": 23.0, "bic": 1351.5076884155892, "gp_runtime": 1.7836840152740479, "ses_smoothing_level": 0.9999999850988388, "holt_smoothing_level_lat": 0.9999999850988388, "holt_smoothing_slope_lat": 0.0, "holt_smoothing_level_lon": 0.9999999850988387, "holt_smoothing_slope_lon": 0.10262015597272309, "holt_damping_slope_lat": 0.8698670808085578, "holt_damping_slope_lon": 0.8377181002472491, "es_seasonal_periods": 24.0, "es_smoothing_level_lat": 0.9999999850988388, "es_smoothing_slope_lat": 0.0, "es_smoothing_level_lon": 0.9999999850987851, "es_smoothing_slope_lon": 0.09497503852007529, "es_damping_slope_lat": 0.8681323422644684, "es_damping_slope_lon": 0.8525071525631404, "arima_order": [1, 0, 2], "sarimax_order": null, "sarimax_seasonal_order": null}