{"max_speed_kmh": 400.0, "spatial_radius_km": 0.3, "bin_len": 30.0, "tdf.shape[0]": 12202.0, "f_tdf.shape[0]": 11904.0, "fc_tdf.shape[0]": 5190.0, "fcu_tdf.shape[0]": 4729.0, "curr_ocp": 0.20334261838440112, "target_ocp": 0.1, "new_ocp": 0.09968630184733357, "n_train": 1930.0, "n_test": 2046.0, "n_dims": 13.0, "mean_lat": 47.596410941239775, "mean_long": -122.15738173224224, "std_lat": 0.07903619881068351, "std_long": 0.10182431988573222, "init_lengthscale": 22.309227579056508, "init_period_len_1": 1440.0, "init_period_len_2": 10080.0, "log_ll": -2663.261259864197, "m": 23.0, "bic": 5500.5238512120695, "gp_runtime": 71.90144395828247, "ses_smoothing_level": 0.9999999850988388, "holt_smoothing_level_lat": 0.9999999850978679, "holt_smoothing_slope_lat": 0.0060589893815452146, "holt_smoothing_level_lon": 0.876011594874009, "holt_smoothing_slope_lon": 0.0, "holt_damping_slope_lat": 0.8000000000002832, "holt_damping_slope_lon": 0.995, "es_seasonal_periods": 24.0, "es_smoothing_level_lat": 0.9999999850988388, "es_smoothing_slope_lat": 0.008806956635092532, "es_smoothing_level_lon": 0.8758842286138919, "es_smoothing_slope_lon": 1.285775793903136e-09, "es_damping_slope_lat": 0.8000000000539776, "es_damping_slope_lon": 0.8000000254418408, "arima_order": [2, 0, 1], "sarimax_order": null, "sarimax_seasonal_order": null}