{"max_speed_kmh": 200.0, "spatial_radius_km": 0.3, "bin_len": 5.0, "tdf.shape[0]": 13492.0, "f_tdf.shape[0]": 12744.0, "fc_tdf.shape[0]": 4693.0, "fcu_tdf.shape[0]": 4629.0, "curr_ocp": 0.08902546093064091, "target_ocp": 0.06396708710473405, "new_ocp": 0.06391945680168579, "n_train": 2405.0, "n_test": 1477.0, "n_dims": 13.0, "mean_lat": 47.55407709205706, "mean_long": -122.03268629765502, "std_lat": 0.0788543252662968, "std_long": 0.14662023926390905, "init_lengthscale": 17.765806988352747, "init_period_len_1": 1440.0, "init_period_len_2": 10080.0, "log_ll": -3034.417654010069, "m": 23.0, "bic": 6247.897327218555, "gp_runtime": 225.93457174301147, "ses_smoothing_level": 0.9999999850988388, "holt_smoothing_level_lat": 0.999999985098834, "holt_smoothing_slope_lat": 0.1637054059606649, "holt_smoothing_level_lon": 0.9999999850988388, "holt_smoothing_slope_lon": 0.1803459338892278, "holt_damping_slope_lat": 0.8, "holt_damping_slope_lon": 0.8, "es_seasonal_periods": 24.0, "es_smoothing_level_lat": 0.9999999850986975, "es_smoothing_slope_lat": 0.16224019922058186, "es_smoothing_level_lon": 0.9999999850988383, "es_smoothing_slope_lon": 0.18068390965383652, "es_damping_slope_lat": 0.8, "es_damping_slope_lon": 0.8, "arima_order": [2, 0, 2], "sarimax_order": null, "sarimax_seasonal_order": null}