{"max_speed_kmh": 200.0, "spatial_radius_km": 0.3, "tdf.shape[0]": 10299.0, "f_tdf.shape[0]": 10191.0, "fc_tdf.shape[0]": 3013.0, "fcu_tdf.shape[0]": 2975.0, "n_train_orig": 670.0, "n_test_orig": 7.0, "n_dims_orig": 13.0, "n_train_PM": 1276.0, "n_test_PM": 547.0, "n_dims_PM": 13.0, "n_train_PM_comp": 673.0, "n_test_PM_comp": 4.0, "n_dims_PM_comp": 13.0, "mean_lat": 47.76650496377396, "mean_long": -122.3053489010407, "std_lat": 0.05355463269634469, "std_long": 0.07315403433369444, "init_lengthscale": 61.09449404761905, "init_period_len_1": 1440.0, "init_period_len_2": 10080.0, "log_ll": 228.71824086178867, "m": 47.0, "bic": -151.38445123027515, "bics_PM": [