{"max_speed_kmh": 400.0, "spatial_radius_km": 0.3, "bin_len": 15.0, "tdf.shape[0]": 9008.0, "f_tdf.shape[0]": 8607.0, "fc_tdf.shape[0]": 3012.0, "fcu_tdf.shape[0]": 2963.0, "curr_ocp": 0.09612023767913316, "target_ocp": 0.03513447271173192, "new_ocp": 0.035115581436386094, "n_train": 959.0, "n_test": 1546.0, "n_dims": 13.0, "mean_lat": 47.797192860402475, "mean_long": -122.23492134487422, "std_lat": 0.12822783259476025, "std_long": 0.15389287915219194, "init_lengthscale": 44.36221294363257, "init_period_len_1": 1440.0, "init_period_len_2": 10080.0, "log_ll": -1271.3589039498174, "m": 23.0, "bic": 2700.633302621954, "gp_runtime": 6.877211570739746, "ses_smoothing_level": 0.9999999850988095, "holt_smoothing_level_lat": 0.9999999850971463, "holt_smoothing_slope_lat": 3.6643768018059485e-12, "holt_smoothing_level_lon": 0.9955427102765733, "holt_smoothing_slope_lon": 0.1889381607264224, "holt_damping_slope_lat": 0.9777505434280356, "holt_damping_slope_lon": 0.8, "es_seasonal_periods": 24.0, "es_smoothing_level_lat": 0.9999999850987777, "es_smoothing_slope_lat": 0.01897244438979139, "es_smoothing_level_lon": 0.9854343610010061, "es_smoothing_slope_lon": 0.19804976788411416, "es_damping_slope_lat": 0.8, "es_damping_slope_lon": 0.8000000000000034, "arima_order": [1, 0, 1], "sarimax_order": null, "sarimax_seasonal_order": null}