{"max_speed_kmh": 400.0, "spatial_radius_km": 0.3, "bin_len": 1440.0, "tdf.shape[0]": 10493.0, "f_tdf.shape[0]": 10053.0, "fc_tdf.shape[0]": 1309.0, "fcu_tdf.shape[0]": 1306.0, "curr_ocp": 0.9166666666666666, "target_ocp": 0.7, "new_ocp": 0.7, "n_train": 853.0, "n_test": 219.0, "n_dims": 13.0, "mean_lat": 47.22878668512328, "mean_long": -122.37068034380493, "std_lat": 0.13185954243800063, "std_long": 0.11035361975519369, "init_lengthscale": 50.25821596244131, "init_period_len_1": 1440.0, "init_period_len_2": 10080.0, "log_ll": -1001.3764759639292, "m": 23.0, "bic": 2157.974421520167, "gp_runtime": 9.145241260528564, "ses_smoothing_level": 0.9999999850988388, "holt_smoothing_level_lat": 0.9950349565689082, "holt_smoothing_slope_lat": 0.3405131135826936, "holt_smoothing_level_lon": 0.9660046878101646, "holt_smoothing_slope_lon": 0.28936685394279454, "holt_damping_slope_lat": 0.928206864524904, "holt_damping_slope_lon": 0.8638795739807928, "es_seasonal_periods": 24.0, "es_smoothing_level_lat": 0.9999999850988388, "es_smoothing_slope_lat": 0.34332647122771687, "es_smoothing_level_lon": 0.9999999850987418, "es_smoothing_slope_lon": 0.24217666849032723, "es_damping_slope_lat": 0.9296339541899944, "es_damping_slope_lon": 0.8858362160137292, "arima_order": [2, 0, 1], "sarimax_order": null, "sarimax_seasonal_order": null}