{"max_speed_kmh": 200.0, "spatial_radius_km": 0.3, "tdf.shape[0]": 5848.0, "f_tdf.shape[0]": 5331.0, "fc_tdf.shape[0]": 1182.0, "fcu_tdf.shape[0]": 1178.0, "n_train_orig": 433.0, "n_test_orig": 17.0, "n_dims_orig": 13.0, "n_train_PM": 486.0, "n_test_PM": 209.0, "n_dims_PM": 13.0, "n_train_PM_comp": 441.0, "n_test_PM_comp": 9.0, "n_dims_PM_comp": 13.0, "mean_lat": 47.575278003667094, "mean_long": -122.2901304728157, "std_lat": 0.07051621855429645, "std_long": 0.02758442392708659, "init_lengthscale": 93.46022727272727, "init_period_len_1": 1440.0, "init_period_len_2": 10080.0, "log_ll": -344.9119013737429, "m": 47.0, "bic": 976.0089118934876, "bics_PM": [