{"max_speed_kmh": 200.0, "spatial_radius_km": 0.3, "bin_len": 5.0, "tdf.shape[0]": 12998.0, "f_tdf.shape[0]": 12987.0, "fc_tdf.shape[0]": 4173.0, "fcu_tdf.shape[0]": 4160.0, "curr_ocp": 0.08489405331510595, "target_ocp": 0.059429491689510505, "new_ocp": 0.05940661744599399, "n_train": 2373.0, "n_test": 1064.0, "n_dims": 13.0, "mean_lat": 47.47075550915168, "mean_long": -122.29129360264557, "std_lat": 0.10899032595169214, "std_long": 0.10937673184043079, "init_lengthscale": 15.417158516020237, "init_period_len_1": 1440.0, "init_period_len_2": 10080.0, "log_ll": -3370.178608434826, "m": 23.0, "bic": 6919.111152767675, "gp_runtime": 59.16242003440857, "ses_smoothing_level": 0.9999999850865887, "holt_smoothing_level_lat": 0.9889475264998592, "holt_smoothing_slope_lat": 0.29429299734504855, "holt_smoothing_level_lon": 0.9999999850988388, "holt_smoothing_slope_lon": 0.2167003856013669, "holt_damping_slope_lat": 0.8, "holt_damping_slope_lon": 0.8000000000000026, "es_seasonal_periods": 24.0, "es_smoothing_level_lat": 0.9999999850988162, "es_smoothing_slope_lat": 0.2859699350931628, "es_smoothing_level_lon": 0.9999999850988378, "es_smoothing_slope_lon": 0.21588489697587826, "es_damping_slope_lat": 0.8, "es_damping_slope_lon": 0.8, "arima_order": [2, 0, 1], "sarimax_order": null, "sarimax_seasonal_order": null}