{"max_speed_kmh": 200.0, "spatial_radius_km": 0.3, "bin_len": 5.0, "tdf.shape[0]": 23563.0, "f_tdf.shape[0]": 22628.0, "fc_tdf.shape[0]": 6621.0, "fcu_tdf.shape[0]": 6586.0, "curr_ocp": 0.11105272376948677, "target_ocp": 0.1, "new_ocp": 0.09995912886086296, "n_train": 4782.0, "n_test": 521.0, "n_dims": 13.0, "mean_lat": 47.54131495161258, "mean_long": -122.21923442644244, "std_lat": 0.08225374795214703, "std_long": 0.07281908550721651, "init_lengthscale": 8.955239489646518, "init_period_len_1": 1440.0, "init_period_len_2": 10080.0, "log_ll": -6708.251932167026, "m": 23.0, "bic": 13611.373989738473, "gp_runtime": 1207.578204870224, "ses_smoothing_level": 0.9999999850646084, "holt_smoothing_level_lat": 0.9999999850988377, "holt_smoothing_slope_lat": 0.3843296184265159, "holt_smoothing_level_lon": 0.9999999850988388, "holt_smoothing_slope_lon": 0.45795004217351626, "holt_damping_slope_lat": 0.8, "holt_damping_slope_lon": 0.8000000000000469, "es_seasonal_periods": 24.0, "es_smoothing_level_lat": 0.999999985098834, "es_smoothing_slope_lat": 0.3843421218944561, "es_smoothing_level_lon": 0.9999999850987279, "es_smoothing_slope_lon": 0.45824095939421633, "es_damping_slope_lat": 0.8, "es_damping_slope_lon": 0.8000000000018397, "arima_order": [2, 0, 2], "sarimax_order": null, "sarimax_seasonal_order": null}