{"max_speed_kmh": 200.0, "spatial_radius_km": 0.3, "bin_len": 5.0, "tdf.shape[0]": 9268.0, "f_tdf.shape[0]": 9131.0, "fc_tdf.shape[0]": 2358.0, "fcu_tdf.shape[0]": 2349.0, "curr_ocp": 0.07265725288831835, "target_ocp": 0.06261084535587202, "new_ocp": 0.06251604621309372, "n_train": 1626.0, "n_test": 260.0, "n_dims": 13.0, "mean_lat": 47.15095498330259, "mean_long": -122.42772967355474, "std_lat": 0.09196760485283446, "std_long": 0.08657715392326655, "init_lengthscale": 11.984, "init_period_len_1": 1440.0, "init_period_len_2": 10080.0, "log_ll": -2285.269790849419, "m": 23.0, "bic": 4740.598782371317, "gp_runtime": 35.48375487327576, "ses_smoothing_level": 0.9999999850988388, "holt_smoothing_level_lat": 0.9999999850988384, "holt_smoothing_slope_lat": 0.32120460445416077, "holt_smoothing_level_lon": 0.9999999850988388, "holt_smoothing_slope_lon": 0.3028845373573218, "holt_damping_slope_lat": 0.8387392180316804, "holt_damping_slope_lon": 0.8000000000000002, "es_seasonal_periods": 24.0, "es_smoothing_level_lat": 0.9999999850988388, "es_smoothing_slope_lat": 0.31892141547964986, "es_smoothing_level_lon": 0.9999999850988384, "es_smoothing_slope_lon": 0.3068320502398082, "es_damping_slope_lat": 0.8417168581370955, "es_damping_slope_lon": 0.8, "arima_order": [2, 0, 2], "sarimax_order": null, "sarimax_seasonal_order": null}