{"max_speed_kmh": 200.0, "spatial_radius_km": 0.3, "tdf.shape[0]": 9008.0, "f_tdf.shape[0]": 8592.0, "fc_tdf.shape[0]": 3009.0, "fcu_tdf.shape[0]": 2960.0, "n_train_orig": 979.0, "n_test_orig": 36.0, "n_dims_orig": 13.0, "n_train_PM": 1066.0, "n_test_PM": 458.0, "n_dims_PM": 13.0, "n_train_PM_comp": 997.0, "n_test_PM_comp": 18.0, "n_dims_PM_comp": 13.0, "mean_lat": 47.79244994875691, "mean_long": -122.21821387120931, "std_lat": 0.14754467963943094, "std_long": 0.2046371010534051, "init_lengthscale": 42.76706827309237, "init_period_len_1": 1440.0, "init_period_len_2": 10080.0, "log_ll": 475.6770471272222, "m": 47.0, "bic": -626.830808066238, "bics_PM": [