{"max_speed_kmh": 400.0, "spatial_radius_km": 0.3, "bin_len": 15.0, "tdf.shape[0]": 11812.0, "f_tdf.shape[0]": 11337.0, "fc_tdf.shape[0]": 4700.0, "fcu_tdf.shape[0]": 4684.0, "curr_ocp": 0.1358933894441522, "target_ocp": 0.1, "new_ocp": 0.09984179996484444, "n_train": 2480.0, "n_test": 1325.0, "n_dims": 13.0, "mean_lat": 47.31201958048007, "mean_long": -122.06411981810646, "std_lat": 0.11613720541285795, "std_long": 0.09143208728948106, "init_lengthscale": 17.209963695038322, "init_period_len_1": 1440.0, "init_period_len_2": 10080.0, "log_ll": -3357.928807272577, "m": 23.0, "bic": 6895.625932845812, "gp_runtime": 88.43343591690063, "ses_smoothing_level": 0.9999999850988388, "holt_smoothing_level_lat": 0.9999999850988388, "holt_smoothing_slope_lat": 0.1508847801087955, "holt_smoothing_level_lon": 0.9999999850988388, "holt_smoothing_slope_lon": 0.1409278719215969, "holt_damping_slope_lat": 0.8, "holt_damping_slope_lon": 0.8, "es_seasonal_periods": 24.0, "es_smoothing_level_lat": 0.9999999850988388, "es_smoothing_slope_lat": 0.15275973183052766, "es_smoothing_level_lon": 0.9999999850988388, "es_smoothing_slope_lon": 0.1428655279391976, "es_damping_slope_lat": 0.800000000065172, "es_damping_slope_lon": 0.8000000003292336, "arima_order": [2, 0, 2], "sarimax_order": null, "sarimax_seasonal_order": null}