{"max_speed_kmh": 400.0, "spatial_radius_km": 0.3, "bin_len": 1440.0, "tdf.shape[0]": 13929.0, "f_tdf.shape[0]": 13709.0, "fc_tdf.shape[0]": 2356.0, "fcu_tdf.shape[0]": 2346.0, "curr_ocp": 0.9459459459459459, "target_ocp": 0.5, "new_ocp": 0.4857142857142857, "n_train": 604.0, "n_test": 1214.0, "n_dims": 13.0, "mean_lat": 47.44243348529885, "mean_long": -122.25063896860544, "std_lat": 0.18821207854475944, "std_long": 0.11958307775912647, "init_lengthscale": 41.411276948590384, "init_period_len_1": 1440.0, "init_period_len_2": 10080.0, "log_ll": -815.8655832450869, "m": 23.0, "bic": 1779.0133730426746, "gp_runtime": 4.073828220367432, "ses_smoothing_level": 0.9999999850988381, "holt_smoothing_level_lat": 0.9930997539019173, "holt_smoothing_slope_lat": 0.35055226159564234, "holt_smoothing_level_lon": 0.9999999850988388, "holt_smoothing_slope_lon": 0.04642985374804495, "holt_damping_slope_lat": 0.8427511641224659, "holt_damping_slope_lon": 0.8, "es_seasonal_periods": 24.0, "es_smoothing_level_lat": 0.9999999850988388, "es_smoothing_slope_lat": 0.3411441508120196, "es_smoothing_level_lon": 0.9945410246055902, "es_smoothing_slope_lon": 0.05475848524175929, "es_damping_slope_lat": 0.8491500085070105, "es_damping_slope_lon": 0.8000000000000044, "arima_order": [2, 0, 1], "sarimax_order": null, "sarimax_seasonal_order": null}