{"max_speed_kmh": 200.0, "spatial_radius_km": 0.3, "bin_len": 60.0, "tdf.shape[0]": 5895.0, "f_tdf.shape[0]": 5812.0, "fc_tdf.shape[0]": 371.0, "fcu_tdf.shape[0]": 358.0, "curr_ocp": 0.05431619786614937, "target_ocp": 0.01319243339853506, "new_ocp": 0.012633624878522837, "n_train": 63.0, "n_test": 251.0, "n_dims": 11.0, "mean_lat": 47.81024649629992, "mean_long": -122.20131263337674, "std_lat": 0.07928398837641398, "std_long": 0.031613773201299274, "init_lengthscale": 497.85483870967744, "init_period_len_1": 1440.0, "init_period_len_2": 10080.0, "log_ll": -89.36476238566188, "m": 21.0, "bic": 265.7353540255459, "gp_runtime": 0.2642519474029541, "ses_smoothing_level": 0.9999999850988388, "holt_smoothing_level_lat": 0.9999999850988388, "holt_smoothing_slope_lat": 1.1923625694246925e-11, "holt_smoothing_level_lon": 0.12863912945947165, "holt_smoothing_slope_lon": 6.360066456905259e-17, "holt_damping_slope_lat": 0.8, "holt_damping_slope_lon": 0.8, "es_seasonal_periods": 24.0, "es_smoothing_level_lat": 0.9999999850988388, "es_smoothing_slope_lat": 0.0, "es_smoothing_level_lon": 0.16634943660053345, "es_smoothing_slope_lon": 5.69869817682289e-13, "es_damping_slope_lat": 0.8, "es_damping_slope_lon": 0.8, "arima_order": [2, 1, 2], "sarimax_order": [0, 1, 0], "sarimax_seasonal_order": [0, 1, 0, 24]}