{"max_speed_kmh": 400.0, "spatial_radius_km": 0.3, "bin_len": 360.0, "tdf.shape[0]": 9002.0, "f_tdf.shape[0]": 8864.0, "fc_tdf.shape[0]": 577.0, "fcu_tdf.shape[0]": 567.0, "curr_ocp": 0.405982905982906, "target_ocp": 0.1, "new_ocp": 0.09871244635193133, "n_train": 96.0, "n_test": 402.0, "n_dims": 13.0, "mean_lat": 47.56764094501343, "mean_long": -122.0651066947225, "std_lat": 0.0378352358839304, "std_long": 0.07333167768531124, "init_lengthscale": 441.15263157894736, "init_period_len_1": 1440.0, "init_period_len_2": 10080.0, "log_ll": -128.13053713061822, "m": 23.0, "bic": 361.24108266499667, "gp_runtime": 0.7785465717315674, "ses_smoothing_level": 0.8095692996715772, "holt_smoothing_level_lat": 0.6511224102387845, "holt_smoothing_slope_lat": 2.8631549422906703e-13, "holt_smoothing_level_lon": 0.9999999850986891, "holt_smoothing_slope_lon": 2.764323206667471e-13, "holt_damping_slope_lat": 0.8415156520796713, "holt_damping_slope_lon": 0.8719533524688919, "es_seasonal_periods": 24.0, "es_smoothing_level_lat": 0.6696819992449802, "es_smoothing_slope_lat": 3.954208458205443e-13, "es_smoothing_level_lon": 0.9999999850988388, "es_smoothing_slope_lon": 0.0, "es_damping_slope_lat": 0.860322635347056, "es_damping_slope_lon": 0.8498568071589075, "arima_order": [0, 1, 2], "sarimax_order": null, "sarimax_seasonal_order": null}