{"max_speed_kmh": 200.0, "spatial_radius_km": 0.3, "tdf.shape[0]": 22744.0, "f_tdf.shape[0]": 22335.0, "fc_tdf.shape[0]": 1587.0, "fcu_tdf.shape[0]": 1536.0, "n_train_orig": 605.0, "n_test_orig": 14.0, "n_dims_orig": 13.0, "n_train_PM": 476.0, "n_test_PM": 204.0, "n_dims_PM": 13.0, "n_train_PM_comp": 612.0, "n_test_PM_comp": 7.0, "n_dims_PM_comp": 13.0, "mean_lat": 47.76622065420129, "mean_long": -122.15096159874996, "std_lat": 0.07686776219648653, "std_long": 0.051570973564831715, "init_lengthscale": 140.35024549918168, "init_period_len_1": 1440.0, "init_period_len_2": 10080.0, "log_ll": 82.2867583999697, "m": 47.0, "bic": 137.01290047813995, "bics_PM": [