{"max_speed_kmh": 400.0, "spatial_radius_km": 0.3, "bin_len": 30.0, "tdf.shape[0]": 5242.0, "f_tdf.shape[0]": 5134.0, "fc_tdf.shape[0]": 1849.0, "fcu_tdf.shape[0]": 1846.0, "curr_ocp": 0.05255781359495445, "target_ocp": 0.04760696656611038, "new_ocp": 0.04730203223545901, "n_train": 1301.0, "n_test": 172.0, "n_dims": 13.0, "mean_lat": 47.200490414527884, "mean_long": -122.25714404036557, "std_lat": 0.05152491111713867, "std_long": 0.09905275523071046, "init_lengthscale": 32.92923076923077, "init_period_len_1": 1440.0, "init_period_len_2": 10080.0, "log_ll": -1845.318597523552, "m": 23.0, "bic": 3855.5676300528917, "gp_runtime": 20.08167028427124, "ses_smoothing_level": 0.9999999850965894, "holt_smoothing_level_lat": 0.9999999850988388, "holt_smoothing_slope_lat": 0.24241863449069273, "holt_smoothing_level_lon": 0.9999999850988388, "holt_smoothing_slope_lon": 0.24849918861803694, "holt_damping_slope_lat": 0.8, "holt_damping_slope_lon": 0.8289521112193915, "es_seasonal_periods": 24.0, "es_smoothing_level_lat": 0.9999999850988388, "es_smoothing_slope_lat": 0.24545078267035214, "es_smoothing_level_lon": 0.9999999850988388, "es_smoothing_slope_lon": 0.24819390798645163, "es_damping_slope_lat": 0.8000000000007591, "es_damping_slope_lon": 0.8311265272994997, "arima_order": [2, 0, 1], "sarimax_order": null, "sarimax_seasonal_order": null}