model,MAE,RMSE,MAD,MAPE,MAXAPE,TAPE,PCM,DF,AREA,CL,DTW,MSE
MTGP_Comp,0.20243069942956401,0.9991509329982186,0.281833609623878,5.740489394903189,884.1135485554817,4196.297747674232,67.47438644849628,3.876887735003101,25724.874422147714,,295.9536825660225,0.24957564672780258
MTGP_RBF,0.35087263555490233,1.2844176857670477,0.8319916885021016,742.2368379800646,4431.78547165093,542575.1285634272,,3.536256308064969,48684.27756802139,,512.9757931812676,0.41243219787779467
SES,0.27074028964479296,1.3014726202774922,0.19724638278234613,1.5328745130946275,10.021991784880138,1120.5312690721728,,3.5625732480349055,9176.956160376933,,395.82230346068764,0.4234577453329904
Holt,0.2707310126952304,1.3014416756618357,0.1972803609159,1.5329175879038528,10.02241505071808,1120.5627567577164,,3.5625155141465257,9178.348336792671,,395.8087405604267,0.4234376087873718
ES,0.281827787786062,1.311593662677063,0.3309914340984561,1.567303836883922,10.244262944170442,1145.699104762147,151.89766151735373,3.527910126619103,12147.99203259908,,412.0322257432224,0.43006948399365835
ARIMA,0.33780200408774275,1.270807407600358,0.7707094831152324,113.75064822921452,683.3698862010592,83151.72385555581,,3.5816889390555793,44253.3380085118,,493.86652997628016,0.40373786680298546
SARIMAX,0.3516337329141531,1.2852341359704527,0.8351218245840254,inf,inf,inf,,3.5324030200205287,48917.18948490276,inf,514.0885175204916,0.412956696065929
