{"max_speed_kmh": 200.0, "spatial_radius_km": 0.3, "bin_len": 10080.0, "tdf.shape[0]": 5328.0, "f_tdf.shape[0]": 5143.0, "fc_tdf.shape[0]": 1316.0, "fcu_tdf.shape[0]": 1295.0, "curr_ocp": 1.0, "target_ocp": 0.7, "new_ocp": 0.6666666666666666, "n_train": 686.0, "n_test": 312.0, "n_dims": 13.0, "mean_lat": 46.9858573187863, "mean_long": -122.43973897672647, "std_lat": 0.12906400881468505, "std_long": 0.2690984361041157, "init_lengthscale": 62.53357664233577, "init_period_len_1": 1440.0, "init_period_len_2": 10080.0, "log_ll": -677.9067716465258, "m": 23.0, "bic": 1506.023728730747, "gp_runtime": 6.849302530288696, "ses_smoothing_level": 0.767239475585648, "holt_smoothing_level_lat": 0.749275431385585, "holt_smoothing_slope_lat": 0.0, "holt_smoothing_level_lon": 0.7450936653945665, "holt_smoothing_slope_lon": 4.661396785899804e-13, "holt_damping_slope_lat": 0.8000000000006248, "holt_damping_slope_lon": 0.8, "es_seasonal_periods": 24.0, "es_smoothing_level_lat": 0.7502807048662682, "es_smoothing_slope_lat": 2.312478106844606e-13, "es_smoothing_level_lon": 0.7491243380174625, "es_smoothing_slope_lon": 0.0, "es_damping_slope_lat": 0.8, "es_damping_slope_lon": 0.8000000000004153, "arima_order": [2, 0, 1], "sarimax_order": null, "sarimax_seasonal_order": null}