{"max_speed_kmh": 400.0, "spatial_radius_km": 0.3, "bin_len": 30.0, "tdf.shape[0]": 18330.0, "f_tdf.shape[0]": 17610.0, "fc_tdf.shape[0]": 5507.0, "fcu_tdf.shape[0]": 5493.0, "curr_ocp": 0.17642932304454578, "target_ocp": 0.1, "new_ocp": 0.09940288022479803, "n_train": 2122.0, "n_test": 2149.0, "n_dims": 13.0, "mean_lat": 47.30771552900879, "mean_long": -122.51921648907741, "std_lat": 0.06980446089254753, "std_long": 0.19981253567358, "init_lengthscale": 20.133427628477133, "init_period_len_1": 1440.0, "init_period_len_2": 10080.0, "log_ll": -2975.654677855721, "m": 23.0, "bic": 6127.491985052442, "gp_runtime": 88.53925132751465, "ses_smoothing_level": 0.9999999850988388, "holt_smoothing_level_lat": 0.9999999812346412, "holt_smoothing_slope_lat": 0.04870414061889732, "holt_smoothing_level_lon": 0.9999999850987368, "holt_smoothing_slope_lon": 0.0, "holt_damping_slope_lat": 0.8000001463500546, "holt_damping_slope_lon": 0.9485890995252246, "es_seasonal_periods": 24.0, "es_smoothing_level_lat": 0.9999999850988388, "es_smoothing_slope_lat": 0.04859416992842526, "es_smoothing_level_lon": 0.9999999850959814, "es_smoothing_slope_lon": 0.010821046612319295, "es_damping_slope_lat": 0.8000000000048749, "es_damping_slope_lon": 0.8000000001048827, "arima_order": [2, 0, 1], "sarimax_order": null, "sarimax_seasonal_order": null}