model,MAE,RMSE,MAD,MAPE,MAXAPE,TAPE,PCM,DF,AREA,CL,DTW,MSE
MTGP_Comp,0.43002240725441965,1.7681115842120474,1.020094005260423,13.25563393838524,12685.594909648853,28486.357333589884,136.52969562773688,6.686294505412094,71606.38694130229,,1848.2363063794924,0.7815546435562091
MTGP_RBF,0.325342409571716,1.2613835744684452,0.7819910431675939,148.6874178077261,770.0418843665567,319529.2608688034,,5.24655802361347,82970.3042375987,,1398.3216763392338,0.39777213048469773
SES,0.34625671175322165,1.5983631465802213,0.5308553203414408,1.5042610772707785,30.27937428108392,3232.657055054903,1552.769101968448,5.80051174292552,66750.01063067972,,1488.2113471153468,0.6386911870864566
Holt,0.35891126761586956,1.6322224277776114,0.5852193850668846,1.4832956890465059,23.06689244460388,3187.602435760941,1532.4722721249823,5.829378589346132,68855.23056303509,,1542.6006282130077,0.6660375134350599
ES,0.3718289947293999,1.6750665516425534,0.6486800628662625,1.475771685411589,23.395218918939307,3171.433351949505,1375.412827598739,5.866666912463486,71989.07544838058,,1598.1210193469603,0.7014619881079187
ARIMA,0.3242832058335683,1.2619855657827834,0.783644577156935,151.53647999135086,747.7765678849455,325651.895501413,1048.6061877890127,5.241099866934727,82713.099811861,,1393.7692186726758,0.39815189206102297
SARIMAX,0.32614024384106166,1.2624499807905025,0.7868131284403401,inf,inf,inf,,5.237173170827679,83123.36870088347,inf,1401.750768028885,0.39844498849948506
