{"max_speed_kmh": 400.0, "spatial_radius_km": 0.3, "bin_len": 60.0, "tdf.shape[0]": 10753.0, "f_tdf.shape[0]": 10720.0, "fc_tdf.shape[0]": 7543.0, "fcu_tdf.shape[0]": 3376.0, "curr_ocp": 0.7965277777777777, "target_ocp": 0.1, "new_ocp": 0.09993011879804332, "n_train": 342.0, "n_test": 3034.0, "n_dims": 13.0, "mean_lat": 47.89341135709992, "mean_long": -122.23012360038719, "std_lat": 0.04978530930292563, "std_long": 0.02052946256018388, "init_lengthscale": 125.87683284457478, "init_period_len_1": 1440.0, "init_period_len_2": 10080.0, "log_ll": -344.11314507594915, "m": 23.0, "bic": 822.4269371043382, "gp_runtime": 2.343348979949951, "ses_smoothing_level": 0.6273717437343087, "holt_smoothing_level_lat": 0.6249688467990014, "holt_smoothing_slope_lat": 0.0, "holt_smoothing_level_lon": 0.44742777887670626, "holt_smoothing_slope_lon": 0.0, "holt_damping_slope_lat": 0.8000000019548726, "holt_damping_slope_lon": 0.8000000006161552, "es_seasonal_periods": 24.0, "es_smoothing_level_lat": 0.6087013778249167, "es_smoothing_slope_lat": 0.0, "es_smoothing_level_lon": 0.3972733468653556, "es_smoothing_slope_lon": 3.7003363401445093e-10, "es_damping_slope_lat": 0.8000000002655012, "es_damping_slope_lon": 0.8, "arima_order": [1, 0, 0], "sarimax_order": [1, 0, 0], "sarimax_seasonal_order": [0, 1, 1, 24]}