{"max_speed_kmh": 400.0, "spatial_radius_km": 0.3, "bin_len": 10080.0, "tdf.shape[0]": 24016.0, "f_tdf.shape[0]": 23791.0, "fc_tdf.shape[0]": 3872.0, "fcu_tdf.shape[0]": 3871.0, "curr_ocp": 1.0, "target_ocp": 0.3, "new_ocp": 0.2222222222222222, "n_train": 408.0, "n_test": 2452.0, "n_dims": 13.0, "mean_lat": 47.83464856808604, "mean_long": -122.22296264259538, "std_lat": 0.11040506049858866, "std_long": 0.037925098866756886, "init_lengthscale": 105.10810810810811, "init_period_len_1": 1440.0, "init_period_len_2": 10080.0, "log_ll": -553.0815046192731, "m": 23.0, "bic": 1244.422154249842, "gp_runtime": 1.0436840057373047, "ses_smoothing_level": 0.9999999850988343, "holt_smoothing_level_lat": 0.9999999850988388, "holt_smoothing_slope_lat": 0.33614383725331637, "holt_smoothing_level_lon": 0.9999999850988388, "holt_smoothing_slope_lon": 0.46826157521877426, "holt_damping_slope_lat": 0.9038446789569877, "holt_damping_slope_lon": 0.8, "es_seasonal_periods": 24.0, "es_smoothing_level_lat": 0.9999999850988388, "es_smoothing_slope_lat": 0.3405655778558322, "es_smoothing_level_lon": 0.9999999850984156, "es_smoothing_slope_lon": 0.4720265498075331, "es_damping_slope_lat": 0.9084296947277294, "es_damping_slope_lon": 0.8, "arima_order": [2, 0, 1], "sarimax_order": null, "sarimax_seasonal_order": null}