{"max_speed_kmh": 400.0, "spatial_radius_km": 0.3, "bin_len": 10080.0, "tdf.shape[0]": 12202.0, "f_tdf.shape[0]": 11904.0, "fc_tdf.shape[0]": 5190.0, "fcu_tdf.shape[0]": 4729.0, "curr_ocp": 1.0, "target_ocp": 0.8, "new_ocp": 0.7777777777777778, "n_train": 3018.0, "n_test": 958.0, "n_dims": 13.0, "mean_lat": 47.588263414745256, "mean_long": -122.13164824456354, "std_lat": 0.08321078818875198, "std_long": 0.16388098927083528, "init_lengthscale": 14.275770633079217, "init_period_len_1": 1440.0, "init_period_len_2": 10080.0, "log_ll": -3916.5778929931603, "m": 23.0, "bic": 8017.43982769086, "gp_runtime": 279.6542365550995, "ses_smoothing_level": 0.9999999850941178, "holt_smoothing_level_lat": 0.9999999850988388, "holt_smoothing_slope_lat": 0.4840358257771826, "holt_smoothing_level_lon": 0.9999999850987952, "holt_smoothing_slope_lon": 0.32159940471205484, "holt_damping_slope_lat": 0.8000000000000016, "holt_damping_slope_lon": 0.8, "es_seasonal_periods": 24.0, "es_smoothing_level_lat": 0.9999999850988386, "es_smoothing_slope_lat": 0.4853940844779484, "es_smoothing_level_lon": 0.9999999850988388, "es_smoothing_slope_lon": 0.32455093099438365, "es_damping_slope_lat": 0.800000000000009, "es_damping_slope_lon": 0.8000000000035347, "arima_order": [2, 0, 2], "sarimax_order": null, "sarimax_seasonal_order": null}