{"max_speed_kmh": 400.0, "spatial_radius_km": 0.3, "bin_len": 1440.0, "tdf.shape[0]": 13629.0, "f_tdf.shape[0]": 13495.0, "fc_tdf.shape[0]": 3175.0, "fcu_tdf.shape[0]": 3154.0, "curr_ocp": 0.7333333333333333, "target_ocp": 0.4, "new_ocp": 0.4, "n_train": 1266.0, "n_test": 1276.0, "n_dims": 13.0, "mean_lat": 47.465212584363975, "mean_long": -122.33056468858979, "std_lat": 0.178016851890187, "std_long": 0.10773903980515524, "init_lengthscale": 34.0201581027668, "init_period_len_1": 1440.0, "init_period_len_2": 10080.0, "log_ll": -1749.4159092896637, "m": 23.0, "bic": 3663.135023441522, "gp_runtime": 22.652368545532227, "ses_smoothing_level": 0.9999999850988388, "holt_smoothing_level_lat": 0.9999999850988388, "holt_smoothing_slope_lat": 0.5843130177458806, "holt_smoothing_level_lon": 0.9999999850988388, "holt_smoothing_slope_lon": 0.5934692317138042, "holt_damping_slope_lat": 0.8576090538012192, "holt_damping_slope_lon": 0.8000000000000002, "es_seasonal_periods": 24.0, "es_smoothing_level_lat": 0.9999999850988388, "es_smoothing_slope_lat": 0.5773335511519256, "es_smoothing_level_lon": 0.9999999850988388, "es_smoothing_slope_lon": 0.5948203561559814, "es_damping_slope_lat": 0.8606429590627099, "es_damping_slope_lon": 0.8000000000000004, "arima_order": [2, 1, 2], "sarimax_order": null, "sarimax_seasonal_order": null}