{"max_speed_kmh": 400.0, "spatial_radius_km": 0.3, "bin_len": 360.0, "tdf.shape[0]": 17384.0, "f_tdf.shape[0]": 16676.0, "fc_tdf.shape[0]": 7246.0, "fcu_tdf.shape[0]": 7217.0, "curr_ocp": 0.4831932773109244, "target_ocp": 0.1, "new_ocp": 0.09777777777777778, "n_train": 1088.0, "n_test": 4702.0, "n_dims": 13.0, "mean_lat": 48.05373407449924, "mean_long": -122.16226818588615, "std_lat": 0.09540068145138808, "std_long": 0.04100569593525821, "init_lengthscale": 37.24839006439743, "init_period_len_1": 1440.0, "init_period_len_2": 10080.0, "log_ll": -1495.0068303260273, "m": 23.0, "bic": 3150.83187848262, "gp_runtime": 14.597320318222046, "ses_smoothing_level": 0.999999985097626, "holt_smoothing_level_lat": 0.9999999850988359, "holt_smoothing_slope_lat": 0.21384301928800353, "holt_smoothing_level_lon": 0.9168035077161398, "holt_smoothing_slope_lon": 0.12787943143964395, "holt_damping_slope_lat": 0.8, "holt_damping_slope_lon": 0.8000000004376436, "es_seasonal_periods": 24.0, "es_smoothing_level_lat": 0.9999999850988388, "es_smoothing_slope_lat": 0.22159358357790368, "es_smoothing_level_lon": 0.9183014609050649, "es_smoothing_slope_lon": 0.12832417828861217, "es_damping_slope_lat": 0.8000000000000007, "es_damping_slope_lon": 0.8000000000554081, "arima_order": [2, 0, 2], "sarimax_order": null, "sarimax_seasonal_order": null}