{"max_speed_kmh": 400.0, "spatial_radius_km": 0.3, "bin_len": 360.0, "tdf.shape[0]": 9553.0, "f_tdf.shape[0]": 9429.0, "fc_tdf.shape[0]": 1069.0, "fcu_tdf.shape[0]": 1066.0, "curr_ocp": 0.6416666666666667, "target_ocp": 0.3, "new_ocp": 0.29957805907172996, "n_train": 471.0, "n_test": 503.0, "n_dims": 13.0, "mean_lat": 47.60061472935451, "mean_long": -122.31093575136263, "std_lat": 0.0894571727885481, "std_long": 0.047645954466417985, "init_lengthscale": 90.72765957446809, "init_period_len_1": 1440.0, "init_period_len_2": 10080.0, "log_ll": -598.5112333310814, "m": 23.0, "bic": 1338.5842028245404, "gp_runtime": 1.701709508895874, "ses_smoothing_level": 0.9999999850988388, "holt_smoothing_level_lat": 0.9640599073389531, "holt_smoothing_slope_lat": 0.3937697607563569, "holt_smoothing_level_lon": 0.9999999850988388, "holt_smoothing_slope_lon": 0.48270138622941616, "holt_damping_slope_lat": 0.8, "holt_damping_slope_lon": 0.8000000000000002, "es_seasonal_periods": 24.0, "es_smoothing_level_lat": 0.9999999850987915, "es_smoothing_slope_lat": 0.3590262765464654, "es_smoothing_level_lon": 0.9999999850963868, "es_smoothing_slope_lon": 0.49038112984801946, "es_damping_slope_lat": 0.8, "es_damping_slope_lon": 0.8, "arima_order": [2, 0, 2], "sarimax_order": null, "sarimax_seasonal_order": null}